chapter_number,chapter_title,defensibility_score,claim_id,claim_type,claim_excerpt,verdict,verdict_notes,n_citations,n_data_links,n_mempalace_anchors
1,Introduction,yellow,3,literature,Chapter 1 cites \cite{chahine2025},partial,Cite key not in Phase 5 verified set; needs ezproxy pass during BΩ.,1,0,0
1,Introduction,yellow,4,literature,Chapter 1 cites \cite{dam2024},verified,"Canonical reference (Phase 1-5 verified set); no DOI in bibitem (pre-DOI textbook, ISBN, or preprint).",1,0,0
1,Introduction,yellow,5,literature,Chapter 1 cites \cite{dorsey2018},verified,"Canonical reference (Phase 1-5 verified set); no DOI in bibitem (pre-DOI textbook, ISBN, or preprint).",1,0,0
1,Introduction,yellow,6,literature,Chapter 1 cites \cite{espay2025},verified,"Canonical reference (Phase 1-5 verified set); no DOI in bibitem (pre-DOI textbook, ISBN, or preprint).",1,0,0
1,Introduction,yellow,7,literature,Chapter 1 cites \cite{goetz2008},partial,Cite key not in Phase 5 verified set; needs ezproxy pass during BΩ.,1,0,0
1,Introduction,yellow,8,literature,Chapter 1 cites \cite{greenwell2015},partial,Cite key not in Phase 5 verified set; needs ezproxy pass during BΩ.,1,0,0
1,Introduction,yellow,9,literature,Chapter 1 cites \cite{hoehn1967},partial,Cite key not in Phase 5 verified set; needs ezproxy pass during BΩ.,1,0,0
1,Introduction,yellow,10,literature,Chapter 1 cites \cite{kalia2015},verified,Verified during Phase 1-5 development (Phase 5 Task 5 lit review or earlier defensive citation pipeline).,1,0,0
1,Introduction,yellow,11,literature,Chapter 1 cites \cite{marras2018},partial,Cite key not in Phase 5 verified set; needs ezproxy pass during BΩ.,1,0,0
1,Introduction,yellow,12,literature,Chapter 1 cites \cite{martinez2015},partial,Cite key not in Phase 5 verified set; needs ezproxy pass during BΩ.,1,0,0
1,Introduction,yellow,13,literature,Chapter 1 cites \cite{russo2025},verified,"Canonical reference (Phase 1-5 verified set); no DOI in bibitem (pre-DOI textbook, ISBN, or preprint).",1,0,0
1,Introduction,yellow,14,literature,Chapter 1 cites \cite{simuni2024},verified,Verified during Phase 1-5 development (Phase 5 Task 5 lit review or earlier defensive citation pipeline).,1,0,0
1,Introduction,yellow,15,literature,Chapter 1 cites \cite{tolosa2021},partial,Cite key not in Phase 5 verified set; needs ezproxy pass during BΩ.,1,0,0
1,Introduction,yellow,16,literature,Chapter 1 cites \cite{yang2020},partial,Cite key not in Phase 5 verified set; needs ezproxy pass during BΩ.,1,0,0
1,Introduction,yellow,318,numerical,"[percentage] 93\%  --  As of early 2026, nineteen peer-reviewed papers have explicitly referenced NSD-ISS, indicating ra",partial,"Generic numeric, manual review during BΩ.",0,0,0
1,Introduction,yellow,319,numerical,[percentage] 5.2\%  --  This gap was confirmed quantitatively through a systematic review that screened 354 papers acros,partial,"Generic numeric, manual review during BΩ.",0,0,0
1,Introduction,yellow,320,numerical,[percentage] 89\%  --  This gap was confirmed quantitatively through a systematic review that screened 354 papers across,partial,"Generic numeric, manual review during BΩ.",0,0,0
1,Introduction,yellow,321,numerical,[percentage] 87\%  --  This gap was confirmed quantitatively through a systematic review that screened 354 papers across,partial,"Generic numeric, manual review during BΩ.",0,0,0
1,Introduction,yellow,322,numerical,[percentage] 13\%  --  This gap was confirmed quantitatively through a systematic review that screened 354 papers across,partial,"Generic numeric, manual review during BΩ.",0,0,0
1,Introduction,yellow,323,numerical,[percentage] 73.3\%  --  This gap was confirmed quantitatively through a systematic review that screened 354 papers acro,partial,"Generic numeric, manual review during BΩ.",0,0,0
1,Introduction,yellow,324,numerical,[percentage] 83\%  --  This gap was confirmed quantitatively through a systematic review that screened 354 papers across,partial,"Generic numeric, manual review during BΩ.",0,0,0
1,Introduction,yellow,325,numerical,[percentage] 4\%  --  This gap was confirmed quantitatively through a systematic review that screened 354 papers across ,partial,"Generic numeric, manual review during BΩ.",0,0,0
1,Introduction,yellow,326,numerical,[percentage] 29\%  --  This gap was confirmed quantitatively through a systematic review that screened 354 papers across,partial,"Generic numeric, manual review during BΩ.",0,0,0
1,Introduction,yellow,327,numerical,"[sample_size] n = 118$  --  The Parkinson's Progression Markers Initiative (PPMI), funded by the Michael J.\ Fox Foundat",partial,"Generic numeric, manual review during BΩ.",0,0,0
1,Introduction,yellow,328,numerical,"[sample_size] n = 893$  --  The Parkinson's Progression Markers Initiative (PPMI), funded by the Michael J.\ Fox Foundat",partial,"Generic numeric, manual review during BΩ.",0,0,0
1,Introduction,yellow,329,numerical,"[sample_size] n = 649$  --  The Parkinson's Progression Markers Initiative (PPMI), funded by the Michael J.\ Fox Foundat",partial,"Generic numeric, manual review during BΩ.",0,0,0
1,Introduction,yellow,330,numerical,[auc_cindex] AUC 0.981  --  \textbf{Chapter~\ref{ch:paper1}} addresses NSD-ISS stage classification with calibrated unce,partial,"Generic numeric, manual review during BΩ.",0,0,0
1,Introduction,yellow,331,numerical,[percentage] 90\%  --  \textbf{Chapter~\ref{ch:paper1}} addresses NSD-ISS stage classification with calibrated uncertain,partial,"Generic numeric, manual review during BΩ.",0,0,0
1,Introduction,yellow,332,numerical,[percentage] 22\%  --  \textbf{Chapter~\ref{ch:paper2}} introduces graph-informed multimodal imputation conditioned on b,partial,"Generic numeric, manual review during BΩ.",0,0,0
1,Introduction,yellow,333,numerical,[percentage] 3.1\%  --  \textbf{Chapter~\ref{ch:paper2}} introduces graph-informed multimodal imputation conditioned on ,partial,"Generic numeric, manual review during BΩ.",0,0,0
1,Introduction,yellow,334,numerical,[auc_cindex] C-td 0.926  --  \textbf{Chapter~\ref{ch:paper3}} presents the first benchmarked comparison of multi-state M,verified,Dynamic-DeepHit C-td = 0.926 (v5 original).,0,1,0
1,Introduction,yellow,335,numerical,[percentage] 39.1\%  --  \textbf{Chapter~\ref{ch:paper3}} presents the first benchmarked comparison of multi-state Marko,partial,"Generic numeric, manual review during BΩ.",0,0,0
1,Introduction,yellow,336,numerical,[percentage] 91.1\%  --  \textbf{Chapter~\ref{ch:paper4}} develops conformalized survival analysis for the competing-ris,verified,Paper 4 IPCW conformal coverage 91.1%.,0,1,0
1,Introduction,yellow,337,numerical,[percentage] 95\%  --  \textbf{Chapter~\ref{ch:paper4}} develops conformalized survival analysis for the competing-risks,partial,"Generic numeric, manual review during BΩ.",0,0,0
1,Introduction,yellow,338,numerical,[percentage] 9.3\%  --  \textbf{Chapter~\ref{ch:paper5}} evaluates deployment readiness through expanding-window tempora,partial,"Generic numeric, manual review during BΩ.",0,0,0
1,Introduction,yellow,339,numerical,[percentage] 9.0\%  --  \textbf{Chapter~\ref{ch:paper5}} evaluates deployment readiness through expanding-window tempora,partial,"Generic numeric, manual review during BΩ.",0,0,0
1,Introduction,yellow,340,numerical,"[auc_cindex] AUC 0.981  --  \node[block, below=of sr]  (p1)  {Ch.~\ref{ch:paper1}: Stage Classification (Paper~1)\\CatBo",partial,"Generic numeric, manual review during BΩ.",0,0,0
1,Introduction,yellow,341,numerical,"[auc_cindex] C-td 0.926  --  \node[block, below=of p2] (p3)  {Ch.~\ref{ch:paper3}: Transition Timing (Paper~3)\\C-td 0.9",verified,Dynamic-DeepHit C-td = 0.926 (v5 original).,0,1,0
1,Introduction,yellow,342,numerical,"[percentage] 91.1\%  --  \node[block, below=of p3] (p4)  {Ch.~\ref{ch:paper4}: Conformal Survival (Paper~4)\\91.1\% cove",verified,Paper 4 IPCW conformal coverage 91.1%.,0,1,0
2,Systematic Literature Review,yellow,17,literature,Chapter 2 cites \cite{asgari2021},partial,Cite key not in Phase 5 verified set; needs ezproxy pass during BΩ.,1,0,0
2,Systematic Literature Review,yellow,18,literature,Chapter 2 cites \cite{bjornsson2020},verified,"Canonical reference (Phase 1-5 verified set); no DOI in bibitem (pre-DOI textbook, ISBN, or preprint).",1,0,0
2,Systematic Literature Review,yellow,19,literature,Chapter 2 cites \cite{campbell2020},partial,Cite key not in Phase 5 verified set; needs ezproxy pass during BΩ.,1,0,0
2,Systematic Literature Review,yellow,20,literature,Chapter 2 cites \cite{dorsey2018},verified,"Canonical reference (Phase 1-5 verified set); no DOI in bibitem (pre-DOI textbook, ISBN, or preprint).",1,0,0
2,Systematic Literature Review,yellow,21,literature,Chapter 2 cites \cite{falciglia2025},partial,Cite key not in Phase 5 verified set; needs ezproxy pass during BΩ.,1,0,0
2,Systematic Literature Review,yellow,22,literature,Chapter 2 cites \cite{fereshtehnejad2015},partial,Cite key not in Phase 5 verified set; needs ezproxy pass during BΩ.,1,0,0
2,Systematic Literature Review,yellow,23,literature,Chapter 2 cites \cite{hemedan2026},verified,Verified during Phase 1-5 development (Phase 5 Task 5 lit review or earlier defensive citation pipeline).,1,0,0
2,Systematic Literature Review,yellow,24,literature,Chapter 2 cites \cite{huguet2013},partial,Cite key not in Phase 5 verified set; needs ezproxy pass during BΩ.,1,0,0
2,Systematic Literature Review,yellow,25,literature,Chapter 2 cites \cite{kalia2015},verified,Verified during Phase 1-5 development (Phase 5 Task 5 lit review or earlier defensive citation pipeline).,1,0,0
2,Systematic Literature Review,yellow,26,literature,Chapter 2 cites \cite{laubenbacher2024},verified,"Canonical reference (Phase 1-5 verified set); no DOI in bibitem (pre-DOI textbook, ISBN, or preprint).",1,0,0
2,Systematic Literature Review,yellow,27,literature,Chapter 2 cites \cite{maetzler2016},partial,Cite key not in Phase 5 verified set; needs ezproxy pass during BΩ.,1,0,0
2,Systematic Literature Review,yellow,28,literature,Chapter 2 cites \cite{matsui2026stance},verified,Verified during Phase 1-5 development (Phase 5 Task 5 lit review or earlier defensive citation pipeline).,1,0,0
2,Systematic Literature Review,yellow,29,literature,Chapter 2 cites \cite{moons2014},partial,Cite key not in Phase 5 verified set; needs ezproxy pass during BΩ.,1,0,0
2,Systematic Literature Review,yellow,30,literature,Chapter 2 cites \cite{ogilvie2008},partial,Cite key not in Phase 5 verified set; needs ezproxy pass during BΩ.,1,0,0
2,Systematic Literature Review,yellow,31,literature,Chapter 2 cites \cite{page2021},partial,Cite key not in Phase 5 verified set; needs ezproxy pass during BΩ.,1,0,0
2,Systematic Literature Review,yellow,32,literature,Chapter 2 cites \cite{rajkomar2018},partial,Cite key not in Phase 5 verified set; needs ezproxy pass during BΩ.,1,0,0
2,Systematic Literature Review,yellow,33,literature,Chapter 2 cites \cite{tolosa2021},partial,Cite key not in Phase 5 verified set; needs ezproxy pass during BΩ.,1,0,0
2,Systematic Literature Review,yellow,34,literature,Chapter 2 cites \cite{topol2019},partial,Cite key not in Phase 5 verified set; needs ezproxy pass during BΩ.,1,0,0
2,Systematic Literature Review,yellow,35,literature,Chapter 2 cites \cite{ursino2020},verified,Verified during Phase 1-5 development (Phase 5 Task 5 lit review or earlier defensive citation pipeline).,1,0,0
2,Systematic Literature Review,yellow,36,literature,Chapter 2 cites \cite{wang2025},verified,Verified during Phase 1-5 development (Phase 5 Task 5 lit review or earlier defensive citation pipeline).,1,0,0
2,Systematic Literature Review,yellow,37,literature,Chapter 2 cites \cite{wolff2019},partial,Cite key not in Phase 5 verified set; needs ezproxy pass during BΩ.,1,0,0
2,Systematic Literature Review,yellow,343,numerical,[percentage] 40\%  --  From 462 records identified across two independent search strategies (175 systematic; 287 AI-assi,partial,"Generic numeric, manual review during BΩ.",0,0,0
2,Systematic Literature Review,yellow,344,numerical,[percentage] 20\%  --  From 462 records identified across two independent search strategies (175 systematic; 287 AI-assi,partial,"Generic numeric, manual review during BΩ.",0,0,0
2,Systematic Literature Review,yellow,345,numerical,[percentage] 13\%  --  From 462 records identified across two independent search strategies (175 systematic; 287 AI-assi,partial,"Generic numeric, manual review during BΩ.",0,0,0
2,Systematic Literature Review,yellow,346,numerical,[percentage] 10\%  --  From 462 records identified across two independent search strategies (175 systematic; 287 AI-assi,partial,"Generic numeric, manual review during BΩ.",0,0,0
2,Systematic Literature Review,yellow,347,numerical,[percentage] 10\%  --  From 462 records identified across two independent search strategies (175 systematic; 287 AI-assi,partial,"Generic numeric, manual review during BΩ.",0,0,0
2,Systematic Literature Review,yellow,348,numerical,[percentage] 9.4\%  --  From 462 records identified across two independent search strategies (175 systematic; 287 AI-ass,partial,"Generic numeric, manual review during BΩ.",0,0,0
2,Systematic Literature Review,yellow,349,numerical,[percentage] 6.1\%  --  From 462 records identified across two independent search strategies (175 systematic; 287 AI-ass,partial,"Generic numeric, manual review during BΩ.",0,0,0
2,Systematic Literature Review,yellow,350,numerical,[percentage] 46.7\%  --  From 462 records identified across two independent search strategies (175 systematic; 287 AI-as,partial,"Generic numeric, manual review during BΩ.",0,0,0
2,Systematic Literature Review,yellow,351,numerical,[percentage] 14\%  --  From 462 records identified across two independent search strategies (175 systematic; 287 AI-assi,partial,"Generic numeric, manual review during BΩ.",0,0,0
2,Systematic Literature Review,yellow,352,numerical,[percentage] 55\%  --  From 462 records identified across two independent search strategies (175 systematic; 287 AI-assi,partial,"Generic numeric, manual review during BΩ.",0,0,0
2,Systematic Literature Review,yellow,353,numerical,[percentage] 31\%  --  From 462 records identified across two independent search strategies (175 systematic; 287 AI-assi,partial,"Generic numeric, manual review during BΩ.",0,0,0
2,Systematic Literature Review,yellow,354,numerical,[percentage] 17\%  --  From 462 records identified across two independent search strategies (175 systematic; 287 AI-assi,partial,"Generic numeric, manual review during BΩ.",0,0,0
2,Systematic Literature Review,yellow,355,numerical,[percentage] 7\%  --  From 462 records identified across two independent search strategies (175 systematic; 287 AI-assis,partial,"Generic numeric, manual review during BΩ.",0,0,0
2,Systematic Literature Review,yellow,356,numerical,"[sample_size] n=10$  --  Individuals with clinically diagnosed PD at any disease stage (early, moderate, or advanced) an",partial,"Generic numeric, manual review during BΩ.",0,0,0
2,Systematic Literature Review,yellow,357,numerical,[percentage] 20\%  --  One reviewer (B.D.) performed primary extraction; a 20\% random subsample underwent independent d,partial,"Generic numeric, manual review during BΩ.",0,0,0
2,Systematic Literature Review,yellow,358,numerical,[percentage] 2\%  --  One reviewer (B.D.) performed primary extraction; a 20\% random subsample underwent independent du,partial,"Generic numeric, manual review during BΩ.",0,0,0
2,Systematic Literature Review,yellow,359,numerical,"[percentage] 100\%  --  PROBAST was applied to all 30 included studies. One reviewer assessed each study, with a second ",partial,"Generic numeric, manual review during BΩ.",0,0,0
2,Systematic Literature Review,yellow,360,numerical,[percentage] 0\%  --  We prospectively assessed whether quantitative meta-analysis was feasible by evaluating three crit,partial,"Generic numeric, manual review during BΩ.",0,0,0
2,Systematic Literature Review,yellow,361,numerical,[percentage] 100\%  --  \text{Relative Improvement (\%)} = \frac{\text{AUC}_{\text{dynamic}} - \text{AUC}_{\text{static},partial,"Generic numeric, manual review during BΩ.",0,0,0
2,Systematic Literature Review,yellow,362,numerical,"[sample_size] n = 175$  --  \node[box, fill=blue!8] (id1) {Records identified from databases\\($n = 175$)};",partial,"Generic numeric, manual review during BΩ.",0,0,0
2,Systematic Literature Review,yellow,363,numerical,"[sample_size] n = 287$  --  \node[box, fill=blue!8, right=1.5cm of id1] (id2) {Records from AI-assisted search\\($n = 28",partial,"Generic numeric, manual review during BΩ.",0,0,0
2,Systematic Literature Review,yellow,364,numerical,"[sample_size] n = 336$  --  \node[box, fill=purple!8, below=0.8cm of id1] (dedup) {Records after deduplication\\($n = 33",partial,"Generic numeric, manual review during BΩ.",0,0,0
2,Systematic Literature Review,yellow,365,numerical,"[sample_size] n = 336$  --  \node[box, fill=orange!8, below=0.8cm of dedup] (screen) {Records screened\\(title/abstract;",partial,"Generic numeric, manual review during BΩ.",0,0,0
2,Systematic Literature Review,yellow,366,numerical,"[sample_size] n = 286$  --  \node[sidebox, right=1cm of screen] (excl1) {Records excluded\\($n = 286$)};",partial,"Generic numeric, manual review during BΩ.",0,0,0
2,Systematic Literature Review,yellow,367,numerical,"[sample_size] n = 50$  --  \node[box, fill=orange!8, below=0.8cm of screen] (ft) {Full-text articles assessed\\for eligi",partial,"Generic numeric, manual review during BΩ.",0,0,0
2,Systematic Literature Review,yellow,368,numerical,"[sample_size] n = 20$  --  \node[sidebox, right=2.2cm of ft] (excl2) {Excluded ($n = 20$):\\No validation ($n=8$)\\Confe",partial,"Generic numeric, manual review during BΩ.",0,0,0
2,Systematic Literature Review,yellow,369,numerical,"[sample_size] n = 30$  --  \node[box, fill=green!12, below=1.2cm of ft] (incl) {\textbf{Studies included in synthesis}\\",partial,"Generic numeric, manual review during BΩ.",0,0,0
2,Systematic Literature Review,yellow,370,numerical,[percentage] 60\%  --  Table~\ref{sr:tab:characteristics} summarises the characteristics of the 30 included studies. Stu,partial,"Generic numeric, manual review during BΩ.",0,0,0
2,Systematic Literature Review,yellow,371,numerical,[sample_size] n=18$  --  Table~\ref{sr:tab:characteristics} summarises the characteristics of the 30 included studies. S,partial,"Generic numeric, manual review during BΩ.",0,0,0
2,Systematic Literature Review,yellow,372,numerical,[sample_size] n=14$  --  Table~\ref{sr:tab:characteristics} summarises the characteristics of the 30 included studies. S,partial,"Generic numeric, manual review during BΩ.",0,0,0
2,Systematic Literature Review,yellow,373,numerical,"[percentage] 60\%  --  The 30 studies encompassed 26 distinct cohorts with total sample sizes ranging from 10 to 4,813 p",partial,"Generic numeric, manual review during BΩ.",0,0,0
2,Systematic Literature Review,yellow,374,numerical,"[percentage] 38\%  --  The 30 studies encompassed 26 distinct cohorts with total sample sizes ranging from 10 to 4,813 p",partial,"Generic numeric, manual review during BΩ.",0,0,0
2,Systematic Literature Review,yellow,375,numerical,"[percentage] 12\%  --  The 30 studies encompassed 26 distinct cohorts with total sample sizes ranging from 10 to 4,813 p",partial,"Generic numeric, manual review during BΩ.",0,0,0
2,Systematic Literature Review,yellow,376,numerical,"[percentage] 60\%  --  The 30 studies encompassed 26 distinct cohorts with total sample sizes ranging from 10 to 4,813 p",partial,"Generic numeric, manual review during BΩ.",0,0,0
2,Systematic Literature Review,yellow,377,numerical,"[sample_size] n=18$  --  The 30 studies encompassed 26 distinct cohorts with total sample sizes ranging from 10 to 4,813",partial,"Generic numeric, manual review during BΩ.",0,0,0
2,Systematic Literature Review,yellow,378,numerical,[percentage] 40\%  --  The five primary model architecture categories were: ensemble methods including gradient-boosted ,partial,"Generic numeric, manual review during BΩ.",0,0,0
2,Systematic Literature Review,yellow,379,numerical,[percentage] 20\%  --  The five primary model architecture categories were: ensemble methods including gradient-boosted ,partial,"Generic numeric, manual review during BΩ.",0,0,0
2,Systematic Literature Review,yellow,380,numerical,[percentage] 13\%  --  The five primary model architecture categories were: ensemble methods including gradient-boosted ,partial,"Generic numeric, manual review during BΩ.",0,0,0
2,Systematic Literature Review,yellow,381,numerical,[percentage] 10\%  --  The five primary model architecture categories were: ensemble methods including gradient-boosted ,partial,"Generic numeric, manual review during BΩ.",0,0,0
2,Systematic Literature Review,yellow,382,numerical,[percentage] 10\%  --  The five primary model architecture categories were: ensemble methods including gradient-boosted ,partial,"Generic numeric, manual review during BΩ.",0,0,0
2,Systematic Literature Review,yellow,383,numerical,[percentage] 7\%  --  The five primary model architecture categories were: ensemble methods including gradient-boosted t,partial,"Generic numeric, manual review during BΩ.",0,0,0
2,Systematic Literature Review,yellow,384,numerical,[percentage] 10\%  --  The five primary model architecture categories were: ensemble methods including gradient-boosted ,partial,"Generic numeric, manual review during BΩ.",0,0,0
2,Systematic Literature Review,yellow,385,numerical,[sample_size] n=12$  --  The five primary model architecture categories were: ensemble methods including gradient-booste,partial,"Generic numeric, manual review during BΩ.",0,0,0
2,Systematic Literature Review,yellow,386,numerical,[percentage] 40\%  --  \caption{\textbf{Model architecture distribution across 30 included studies.} Ensemble methods we,partial,"Generic numeric, manual review during BΩ.",0,0,0
2,Systematic Literature Review,yellow,387,numerical,[percentage] 20\%  --  \caption{\textbf{Model architecture distribution across 30 included studies.} Ensemble methods we,partial,"Generic numeric, manual review during BΩ.",0,0,0
2,Systematic Literature Review,yellow,388,numerical,"[percentage] 43\%  --  Primary prediction targets included MDS-UPDRS trajectory prediction (43\%, $n=13$), H\&Y stage cl",partial,"Generic numeric, manual review during BΩ.",0,0,0
2,Systematic Literature Review,yellow,389,numerical,"[percentage] 27\%  --  Primary prediction targets included MDS-UPDRS trajectory prediction (43\%, $n=13$), H\&Y stage cl",partial,"Generic numeric, manual review during BΩ.",0,0,0
2,Systematic Literature Review,yellow,390,numerical,"[percentage] 17\%  --  Primary prediction targets included MDS-UPDRS trajectory prediction (43\%, $n=13$), H\&Y stage cl",partial,"Generic numeric, manual review during BΩ.",0,0,0
2,Systematic Literature Review,yellow,391,numerical,"[percentage] 13\%  --  Primary prediction targets included MDS-UPDRS trajectory prediction (43\%, $n=13$), H\&Y stage cl",partial,"Generic numeric, manual review during BΩ.",0,0,0
2,Systematic Literature Review,yellow,392,numerical,"[sample_size] n=13$  --  Primary prediction targets included MDS-UPDRS trajectory prediction (43\%, $n=13$), H\&Y stage ",partial,"Generic numeric, manual review during BΩ.",0,0,0
2,Systematic Literature Review,yellow,393,numerical,"[percentage] 27\%  --  Eight studies (27\%) used clinical variables alone (demographics, baseline motor and non-motor sc",partial,"Generic numeric, manual review during BΩ.",0,0,0
2,Systematic Literature Review,yellow,394,numerical,"[percentage] 73\%  --  Eight studies (27\%) used clinical variables alone (demographics, baseline motor and non-motor sc",partial,"Generic numeric, manual review during BΩ.",0,0,0
2,Systematic Literature Review,yellow,395,numerical,"[sample_size] n=14$  --  Eight studies (27\%) used clinical variables alone (demographics, baseline motor and non-motor ",partial,"Generic numeric, manual review during BΩ.",0,0,0
2,Systematic Literature Review,yellow,396,numerical,"[percentage] 14\%  --  \item \textbf{Low risk:} 4 studies (14\%)---Hayete 2017, Venuto 2023, Severson 2021, Chahine 2019",partial,"Generic numeric, manual review during BΩ.",0,0,0
2,Systematic Literature Review,yellow,397,numerical,[percentage] 55\%  --  \item \textbf{Moderate risk:} 16 studies (55\%)---characterised by adequate methods with isolated,partial,"Generic numeric, manual review during BΩ.",0,0,0
2,Systematic Literature Review,yellow,398,numerical,"[percentage] 31\%  --  \item \textbf{High risk:} 9 studies (31\%)---driven by small sample sizes ($n < 50$), lack of any",partial,"Generic numeric, manual review during BΩ.",0,0,0
2,Systematic Literature Review,yellow,399,numerical,"[percentage] 77\%  --  \textbf{Domain 1 (Participants):} Most studies (77\%) were rated low risk, as the majority used e",partial,"Generic numeric, manual review during BΩ.",0,0,0
2,Systematic Literature Review,yellow,400,numerical,[percentage] 47\%  --  \textbf{Domain 2 (Predictors):} Moderate risk was common (47\%) due to inconsistent predictor tra,partial,"Generic numeric, manual review during BΩ.",0,0,0
2,Systematic Literature Review,yellow,401,numerical,[percentage] 7\%  --  \textbf{Domain 4 (Analysis):} The most frequent source of concern. Only 7\% of studies ($n=2$) rep,partial,"Generic numeric, manual review during BΩ.",0,0,0
2,Systematic Literature Review,yellow,402,numerical,[percentage] 30\%  --  \textbf{Domain 4 (Analysis):} The most frequent source of concern. Only 7\% of studies ($n=2$) re,partial,"Generic numeric, manual review during BΩ.",0,0,0
2,Systematic Literature Review,yellow,403,numerical,[percentage] 17\%  --  \item \textbf{Tier 2 (external validation):} 5 studies (17\%)---Venuto 2023 (Tracking PD$\rightar,partial,"Generic numeric, manual review during BΩ.",0,0,0
2,Systematic Literature Review,yellow,404,numerical,[percentage] 27\%  --  \item \textbf{Tier 1 (holdout/temporal split):} 8 studies (27\%).,partial,"Generic numeric, manual review during BΩ.",0,0,0
2,Systematic Literature Review,yellow,405,numerical,[percentage] 57\%  --  \item \textbf{Tier 0 (internal cross-validation only):} 17 studies (57\%).,partial,"Generic numeric, manual review during BΩ.",0,0,0
2,Systematic Literature Review,yellow,406,numerical,"[percentage] 57\%  --  \node[font=\footnotesize, white] at (-3.8, 2.4) {57\%};",partial,"Generic numeric, manual review during BΩ.",0,0,0
2,Systematic Literature Review,yellow,407,numerical,"[percentage] 27\%  --  \node[font=\footnotesize] at (-3.85, 0.15) {27\%};",partial,"Generic numeric, manual review during BΩ.",0,0,0
2,Systematic Literature Review,yellow,408,numerical,"[percentage] 17\%  --  \node[font=\footnotesize, anchor=west] at (-1.0, -0.05) {17\%};",partial,"Generic numeric, manual review during BΩ.",0,0,0
2,Systematic Literature Review,yellow,409,numerical,"[sample_size] n=30$  --  \node[font=\scriptsize, gray, text width=5cm, align=center] at (-3.5, -3.2) {$n=30$ studies (ex",partial,"Generic numeric, manual review during BΩ.",0,0,0
2,Systematic Literature Review,yellow,410,numerical,[percentage] 17\%  --  \caption{\textbf{Validation quality and reporting gaps.} \textbf{(A)}~Validation tier distributio,partial,"Generic numeric, manual review during BΩ.",0,0,0
2,Systematic Literature Review,yellow,411,numerical,[percentage] 57\%  --  \caption{\textbf{Validation quality and reporting gaps.} \textbf{(A)}~Validation tier distributio,partial,"Generic numeric, manual review during BΩ.",0,0,0
2,Systematic Literature Review,yellow,412,numerical,[percentage] 7\%  --  \caption{\textbf{Validation quality and reporting gaps.} \textbf{(A)}~Validation tier distribution,partial,"Generic numeric, manual review during BΩ.",0,0,0
2,Systematic Literature Review,yellow,413,numerical,[percentage] 10\%  --  \caption{\textbf{Validation quality and reporting gaps.} \textbf{(A)}~Validation tier distributio,partial,"Generic numeric, manual review during BΩ.",0,0,0
2,Systematic Literature Review,yellow,414,numerical,[percentage] 50\%  --  \caption{\textbf{Validation quality and reporting gaps.} \textbf{(A)}~Validation tier distributio,partial,"Generic numeric, manual review during BΩ.",0,0,0
2,Systematic Literature Review,yellow,415,numerical,"[percentage] 7\%  --  Across all 30 studies, the median reported AUC was 0.76 (IQR: 0.70--0.84; range: 0.62--0.94). Pred",partial,"Generic numeric, manual review during BΩ.",0,0,0
2,Systematic Literature Review,yellow,416,numerical,[percentage] 0\%  --  Figure~\ref{sr:fig:heterogeneity} summarises the sources of heterogeneity that precluded quantitat,partial,"Generic numeric, manual review during BΩ.",0,0,0
2,Systematic Literature Review,yellow,417,numerical,"[percentage] 0\%  --  \node[font=\scriptsize, gray, anchor=west, text width=15cm] at (0, -0.9) {\textit{Note: 15+ distin",partial,"Generic numeric, manual review during BΩ.",0,0,0
2,Systematic Literature Review,yellow,418,numerical,[percentage] 27\%  --  \caption{\textbf{Assessment of heterogeneity precluding meta-analysis.} \textbf{(A)}~Distribution,partial,"Generic numeric, manual review during BΩ.",0,0,0
2,Systematic Literature Review,yellow,419,numerical,"[percentage] 87.5\%  --  \item Seven of eight (87.5\%) showed improvement favouring the dynamic or more complex model, i",partial,"Generic numeric, manual review during BΩ.",0,0,0
2,Systematic Literature Review,yellow,420,numerical,"[percentage] 46.7\%  --  \item Seven of eight (87.5\%) showed improvement favouring the dynamic or more complex model, i",partial,"Generic numeric, manual review during BΩ.",0,0,0
2,Systematic Literature Review,yellow,421,numerical,"[percentage] 12.5\%  --  \item One study (12.5\%; Nilashi 2022, $+6.1\%$ relative) was classified as equivalence given t",partial,"Generic numeric, manual review during BΩ.",0,0,0
2,Systematic Literature Review,yellow,422,numerical,"[percentage] 6.1\%  --  \item One study (12.5\%; Nilashi 2022, $+6.1\%$ relative) was classified as equivalence given th",partial,"Generic numeric, manual review during BΩ.",0,0,0
2,Systematic Literature Review,yellow,423,numerical,[percentage] 0\%  --  \item Zero studies (0\%) showed the static baseline outperforming the dynamic model.,partial,"Generic numeric, manual review during BΩ.",0,0,0
2,Systematic Literature Review,yellow,424,numerical,[percentage] 9.4\%  --  \item Median relative improvement: $+9.4\%$ (range: $+6.1\%$ to $+46.7\%$).,partial,"Generic numeric, manual review during BΩ.",0,0,0
2,Systematic Literature Review,yellow,425,numerical,[percentage] 6.1\%  --  \item Median relative improvement: $+9.4\%$ (range: $+6.1\%$ to $+46.7\%$).,partial,"Generic numeric, manual review during BΩ.",0,0,0
2,Systematic Literature Review,yellow,426,numerical,[percentage] 46.7\%  --  \item Median relative improvement: $+9.4\%$ (range: $+6.1\%$ to $+46.7\%$).,partial,"Generic numeric, manual review during BΩ.",0,0,0
2,Systematic Literature Review,yellow,427,numerical,[percentage] 100\%  --  \caption{\textbf{Head-to-head comparative effectiveness of dynamic versus static models ($n=8$ s,partial,"Generic numeric, manual review during BΩ.",0,0,0
2,Systematic Literature Review,yellow,428,numerical,[percentage] 90.7\%  --  Junaid 2023 & LGBM multimodal & Single-modal & H\&Y staging & 90.7\% & 84.3\% & $+7.6$ & 0 \\,partial,"Generic numeric, manual review during BΩ.",0,0,0
2,Systematic Literature Review,yellow,429,numerical,[percentage] 84.3\%  --  Junaid 2023 & LGBM multimodal & Single-modal & H\&Y staging & 90.7\% & 84.3\% & $+7.6$ & 0 \\,partial,"Generic numeric, manual review during BΩ.",0,0,0
2,Systematic Literature Review,yellow,430,numerical,[percentage] 72.0\%  --  Basaia 2025 & 3DCNN+clinical & Clinical only & Stable / worsen. & 72.0\% & 65.0\% & $+10.8$ & 1,partial,"Generic numeric, manual review during BΩ.",0,0,0
2,Systematic Literature Review,yellow,431,numerical,[percentage] 65.0\%  --  Basaia 2025 & 3DCNN+clinical & Clinical only & Stable / worsen. & 72.0\% & 65.0\% & $+10.8$ & 1,partial,"Generic numeric, manual review during BΩ.",0,0,0
2,Systematic Literature Review,yellow,432,numerical,"[percentage] 9.8\%  --  \node[font=\tiny, rotate=90, anchor=west] at (1.0, 0.1) {Venuto +9.8\%};",partial,"Generic numeric, manual review during BΩ.",0,0,0
2,Systematic Literature Review,yellow,433,numerical,"[percentage] 12.4\%  --  \node[font=\tiny, rotate=90, anchor=west] at (1.8, 0.1) {Severson +12.4\%};",partial,"Generic numeric, manual review during BΩ.",0,0,0
2,Systematic Literature Review,yellow,434,numerical,"[percentage] 9.0\%  --  \node[font=\tiny, rotate=90, anchor=west] at (2.6, 0.1) {Dadu +9.0\%};",partial,"Generic numeric, manual review during BΩ.",0,0,0
2,Systematic Literature Review,yellow,435,numerical,"[percentage] 8.9\%  --  \node[font=\tiny, rotate=90, anchor=west] at (3.4, 0.1) {Lian +8.9\%};",partial,"Generic numeric, manual review during BΩ.",0,0,0
2,Systematic Literature Review,yellow,436,numerical,"[percentage] 10.8\%  --  \node[font=\tiny, rotate=90, anchor=west] at (5.5, 0.1) {Basaia +10.8\%};",partial,"Generic numeric, manual review during BΩ.",0,0,0
2,Systematic Literature Review,yellow,437,numerical,"[percentage] 6.1\%  --  \node[font=\tiny, rotate=90, anchor=west] at (9.5, 0.25) {Nilashi +6.1\% (equiv.)};",partial,"Generic numeric, manual review during BΩ.",0,0,0
2,Systematic Literature Review,yellow,438,numerical,"[percentage] 7.6\%  --  \node[font=\tiny, rotate=90, anchor=west] at (10.3, 0.1) {Junaid +7.6\%};",partial,"Generic numeric, manual review during BΩ.",0,0,0
2,Systematic Literature Review,yellow,439,numerical,"[percentage] 46.7\%  --  \node[font=\tiny, rotate=90, anchor=west] at (11.1, 0.1) {Chahine +46.7\%};",partial,"Generic numeric, manual review during BΩ.",0,0,0
2,Systematic Literature Review,yellow,440,numerical,"[percentage] 9.4\%  --  \node[font=\tiny, red!70, anchor=west] at (13.0, 1.15) {Median +9.4\%};",partial,"Generic numeric, manual review during BΩ.",0,0,0
2,Systematic Literature Review,yellow,441,numerical,[percentage] 6.1\%  --  \caption{\textbf{Harvest plot of comparative effectiveness by validation tier.} Each bar represe,partial,"Generic numeric, manual review during BΩ.",0,0,0
2,Systematic Literature Review,yellow,442,numerical,[percentage] 9.4\%  --  \caption{\textbf{Harvest plot of comparative effectiveness by validation tier.} Each bar represe,partial,"Generic numeric, manual review during BΩ.",0,0,0
2,Systematic Literature Review,yellow,443,numerical,[percentage] 87.5\%  --  \caption{\textbf{Harvest plot of comparative effectiveness by validation tier.} Each bar repres,partial,"Generic numeric, manual review during BΩ.",0,0,0
2,Systematic Literature Review,yellow,444,numerical,"[percentage] 9.2\%  --  \item \textbf{External validation (Tier 2, $n=5$):} All five studies showed improvement (median ",partial,"Generic numeric, manual review during BΩ.",0,0,0
2,Systematic Literature Review,yellow,445,numerical,"[percentage] 8.4\%  --  \item \textbf{Holdout/split (Tier 1, $n=8$):} Seven of eight showed improvement (median $+0.06$ ",partial,"Generic numeric, manual review during BΩ.",0,0,0
2,Systematic Literature Review,yellow,446,numerical,"[percentage] 6.8\%  --  \item \textbf{Internal CV (Tier 0, $n=17$):} Fifteen of seventeen showed improvement (median $+0",partial,"Generic numeric, manual review during BΩ.",0,0,0
2,Systematic Literature Review,yellow,447,numerical,"[sample_size] n=17$  --  \item \textbf{Internal CV (Tier 0, $n=17$):} Fifteen of seventeen showed improvement (median $+",partial,"Generic numeric, manual review during BΩ.",0,0,0
2,Systematic Literature Review,yellow,448,numerical,"[auc_cindex] AUC 0.79  --  Neural networks (LSTM, RNN, Transformer; $n=6$) achieved median AUC 0.79; ensemble methods ($",partial,"Generic numeric, manual review during BΩ.",0,0,0
2,Systematic Literature Review,yellow,449,numerical,"[sample_size] n=12$  --  Neural networks (LSTM, RNN, Transformer; $n=6$) achieved median AUC 0.79; ensemble methods ($n=",partial,"Generic numeric, manual review during BΩ.",0,0,0
2,Systematic Literature Review,yellow,450,numerical,[auc_cindex] AUC 0.79  --  Motor progression outcomes ($n=13$) showed median AUC 0.79 (range: 0.68--0.88); H\&Y staging ,partial,"Generic numeric, manual review during BΩ.",0,0,0
2,Systematic Literature Review,yellow,451,numerical,[sample_size] n=13$  --  Motor progression outcomes ($n=13$) showed median AUC 0.79 (range: 0.68--0.88); H\&Y staging ($,partial,"Generic numeric, manual review during BΩ.",0,0,0
2,Systematic Literature Review,yellow,452,numerical,[sample_size] n=10$  --  \item \textbf{Falciglia et al.}~\cite{falciglia2025} developed a physics-informed neural-mass m,partial,"Generic numeric, manual review during BΩ.",0,0,0
2,Systematic Literature Review,yellow,453,numerical,[sample_size] n=26$  --  \item \textbf{Ursino et al.}~\cite{ursino2020} constructed a pharmacokinetic/pharmacodynamic OD,partial,"Generic numeric, manual review during BΩ.",0,0,0
2,Systematic Literature Review,yellow,454,numerical,"[percentage] 9.4\%  --  \textbf{First}, dynamic temporal models show modest but consistent improvements over static base",partial,"Generic numeric, manual review during BΩ.",0,0,0
2,Systematic Literature Review,yellow,455,numerical,"[percentage] 87.5\%  --  \textbf{First}, dynamic temporal models show modest but consistent improvements over static bas",partial,"Generic numeric, manual review during BΩ.",0,0,0
2,Systematic Literature Review,yellow,456,numerical,"[percentage] 0\%  --  \textbf{First}, dynamic temporal models show modest but consistent improvements over static baseli",partial,"Generic numeric, manual review during BΩ.",0,0,0
2,Systematic Literature Review,yellow,457,numerical,"[percentage] 17\%  --  \textbf{Third}, external validation is rare (17\%) and methodological deficiencies are pervasive.",partial,"Generic numeric, manual review during BΩ.",0,0,0
2,Systematic Literature Review,yellow,458,numerical,"[percentage] 14\%  --  \textbf{Third}, external validation is rare (17\%) and methodological deficiencies are pervasive.",partial,"Generic numeric, manual review during BΩ.",0,0,0
2,Systematic Literature Review,yellow,459,numerical,"[percentage] 55\%  --  \textbf{Third}, external validation is rare (17\%) and methodological deficiencies are pervasive.",partial,"Generic numeric, manual review during BΩ.",0,0,0
2,Systematic Literature Review,yellow,460,numerical,"[percentage] 31\%  --  \textbf{Third}, external validation is rare (17\%) and methodological deficiencies are pervasive.",partial,"Generic numeric, manual review during BΩ.",0,0,0
2,Systematic Literature Review,yellow,461,numerical,"[percentage] 7\%  --  \textbf{Third}, external validation is rare (17\%) and methodological deficiencies are pervasive. ",partial,"Generic numeric, manual review during BΩ.",0,0,0
2,Systematic Literature Review,yellow,462,numerical,[percentage] 9.4\%  --  The modest improvement of dynamic over static models ($+9.4\%$) parallels findings in other clin,partial,"Generic numeric, manual review during BΩ.",0,0,0
2,Systematic Literature Review,yellow,463,numerical,[percentage] 5\%  --  The modest improvement of dynamic over static models ($+9.4\%$) parallels findings in other clinic,partial,"Generic numeric, manual review during BΩ.",0,0,0
2,Systematic Literature Review,yellow,464,numerical,[percentage] 10\%  --  The modest improvement of dynamic over static models ($+9.4\%$) parallels findings in other clini,partial,"Generic numeric, manual review during BΩ.",0,0,0
2,Systematic Literature Review,yellow,465,numerical,[percentage] 7\%  --  Limitations are substantial. Outcome definition heterogeneity ($>$15 distinct progression definiti,partial,"Generic numeric, manual review during BΩ.",0,0,0
2,Systematic Literature Review,yellow,466,numerical,[percentage] 23\%  --  Limitations are substantial. Outcome definition heterogeneity ($>$15 distinct progression definit,partial,"Generic numeric, manual review during BΩ.",0,0,0
2,Systematic Literature Review,yellow,467,numerical,"[percentage] 0\%  --  Reporting & 0\% confidence intervals; 7\% calibration & Mandatory TRIPOD+AI compliance & Journals,",partial,"Generic numeric, manual review during BΩ.",0,0,0
2,Systematic Literature Review,yellow,468,numerical,"[percentage] 7\%  --  Reporting & 0\% confidence intervals; 7\% calibration & Mandatory TRIPOD+AI compliance & Journals,",partial,"Generic numeric, manual review during BΩ.",0,0,0
2,Systematic Literature Review,yellow,469,numerical,[percentage] 83\%  --  Validation & 83\% lack external validation & Shadow-mode deployment followed by pragmatic RCTs & ,partial,"Generic numeric, manual review during BΩ.",0,0,0
2,Systematic Literature Review,yellow,470,numerical,[percentage] 86\%  --  \item \textbf{Dynamic \textit{vs.}\ static models:} \textit{Low certainty}. Downgraded for risk o,partial,"Generic numeric, manual review during BΩ.",0,0,0
2,Systematic Literature Review,yellow,471,numerical,[percentage] 9.4\%  --  Dynamic temporal models for PD prognostic prediction demonstrate modest empirical advantages ove,partial,"Generic numeric, manual review during BΩ.",0,0,0
2,Systematic Literature Review,yellow,472,numerical,[percentage] 87.5\%  --  Dynamic temporal models for PD prognostic prediction demonstrate modest empirical advantages ov,partial,"Generic numeric, manual review during BΩ.",0,0,0
2,Systematic Literature Review,yellow,473,numerical,[percentage] 17\%  --  Dynamic temporal models for PD prognostic prediction demonstrate modest empirical advantages over,partial,"Generic numeric, manual review during BΩ.",0,0,0
2,Systematic Literature Review,yellow,474,numerical,[percentage] 7\%  --  Dynamic temporal models for PD prognostic prediction demonstrate modest empirical advantages over ,partial,"Generic numeric, manual review during BΩ.",0,0,0
3,Paper 1: NSD-ISS Stage Classification,yellow,38,literature,Chapter 3 cites \cite{adamedgraph},verified,"Canonical reference (Phase 1-5 verified set); no DOI in bibitem (pre-DOI textbook, ISBN, or preprint).",1,0,0
3,Paper 1: NSD-ISS Stage Classification,yellow,39,literature,Chapter 3 cites \cite{collins2024},partial,Cite key not in Phase 5 verified set; needs ezproxy pass during BΩ.,1,0,0
3,Paper 1: NSD-ISS Stage Classification,yellow,40,literature,Chapter 3 cites \cite{diazrincon2025},verified,"Canonical reference (Phase 1-5 verified set); no DOI in bibitem (pre-DOI textbook, ISBN, or preprint).",1,0,0
3,Paper 1: NSD-ISS Stage Classification,yellow,41,literature,Chapter 3 cites \cite{grinsztajn2022},verified,"Canonical reference (Phase 1-5 verified set); no DOI in bibitem (pre-DOI textbook, ISBN, or preprint).",1,0,0
3,Paper 1: NSD-ISS Stage Classification,yellow,42,literature,Chapter 3 cites \cite{huang2023},verified,"Canonical reference (Phase 1-5 verified set); no DOI in bibitem (pre-DOI textbook, ISBN, or preprint).",1,0,0
3,Paper 1: NSD-ISS Stage Classification,yellow,43,literature,Chapter 3 cites \cite{russo2025},verified,"Canonical reference (Phase 1-5 verified set); no DOI in bibitem (pre-DOI textbook, ISBN, or preprint).",1,0,0
3,Paper 1: NSD-ISS Stage Classification,yellow,44,literature,Chapter 3 cites \cite{shwartzziv2022},partial,Cite key not in Phase 5 verified set; needs ezproxy pass during BΩ.,1,0,0
3,Paper 1: NSD-ISS Stage Classification,yellow,45,literature,Chapter 3 cites \cite{simuni2024},verified,Verified during Phase 1-5 development (Phase 5 Task 5 lit review or earlier defensive citation pipeline).,1,0,0
3,Paper 1: NSD-ISS Stage Classification,yellow,46,literature,Chapter 3 cites \cite{simuni2024val},partial,Cite key not in Phase 5 verified set; needs ezproxy pass during BΩ.,1,0,0
3,Paper 1: NSD-ISS Stage Classification,yellow,47,literature,Chapter 3 cites \cite{simuni2025},partial,Cite key not in Phase 5 verified set; needs ezproxy pass during BΩ.,1,0,0
3,Paper 1: NSD-ISS Stage Classification,yellow,48,literature,Chapter 3 cites \cite{vovk2022},partial,Cite key not in Phase 5 verified set; needs ezproxy pass during BΩ.,1,0,0
3,Paper 1: NSD-ISS Stage Classification,yellow,475,numerical,[auc_cindex] AUC 0.981  --  The Neuronal alpha-Synuclein Disease Integrated Staging System (NSD-ISS) redefines Parkinson,partial,"Generic numeric, manual review during BΩ.",0,0,0
3,Paper 1: NSD-ISS Stage Classification,yellow,476,numerical,[auc_cindex] AUC 0.900  --  The Neuronal alpha-Synuclein Disease Integrated Staging System (NSD-ISS) redefines Parkinson,verified,Paper 1 NSD+ 12-feature AUC = 0.900.,0,1,0
3,Paper 1: NSD-ISS Stage Classification,yellow,477,numerical,[percentage] 90\%  --  The Neuronal alpha-Synuclein Disease Integrated Staging System (NSD-ISS) redefines Parkinson's di,partial,"Generic numeric, manual review during BΩ.",0,0,0
3,Paper 1: NSD-ISS Stage Classification,yellow,478,numerical,[percentage] 25.4\%  --  The Neuronal alpha-Synuclein Disease Integrated Staging System (NSD-ISS) redefines Parkinson's ,partial,"Generic numeric, manual review during BΩ.",0,0,0
3,Paper 1: NSD-ISS Stage Classification,yellow,479,numerical,"[sample_size] n = 213$  --  \node[box, right=of ppmi] (biofind) {BioFIND\\$n = 213$ enrolled\\16 US sites};",partial,"Generic numeric, manual review during BΩ.",0,0,0
3,Paper 1: NSD-ISS Stage Classification,yellow,480,numerical,"[sample_size] n = 118$  --  \node[box, below=of biofind, fill=lightorange, draw=nsdorange] (bio_f) {BioFIND PD\\$n = 118",partial,"Generic numeric, manual review during BΩ.",0,0,0
3,Paper 1: NSD-ISS Stage Classification,yellow,481,numerical,"[sample_size] n = 893$  --  \node[box, below=of pdbp, fill=lightorange, draw=nsdorange] (pdbp_f) {PDBP PD\\$n = 893$\\Cl",partial,"Generic numeric, manual review during BΩ.",0,0,0
3,Paper 1: NSD-ISS Stage Classification,yellow,482,numerical,"[sample_size] n = 649$  --  \node[box, below=of hbs, fill=lightorange, draw=nsdorange] (hbs_f) {HBS PD\\$n = 649$\\5 fea",partial,"Generic numeric, manual review during BΩ.",0,0,0
3,Paper 1: NSD-ISS Stage Classification,yellow,483,numerical,[percentage] 12.6\%  --  \textbf{S anchor} (synuclein): Seed amplification assay (SAA) positivity. Coverage: 12.6\% of P,partial,"Generic numeric, manual review during BΩ.",0,0,0
3,Paper 1: NSD-ISS Stage Classification,yellow,484,numerical,[percentage] 97.1\%  --  \textbf{D anchor} (dopaminergic): DaT-SPECT specific binding ratio (SBR) below age/sex-adjusted,partial,"Generic numeric, manual review during BΩ.",0,0,0
3,Paper 1: NSD-ISS Stage Classification,yellow,485,numerical,[percentage] 80\%  --  Cross-conformal (CV+) with Least Ambiguous set-valued Classifiers (LAC) scoring via MAPIE~1.3.0~\,partial,"Generic numeric, manual review during BΩ.",0,0,0
3,Paper 1: NSD-ISS Stage Classification,yellow,486,numerical,[percentage] 90\%  --  Cross-conformal (CV+) with Least Ambiguous set-valued Classifiers (LAC) scoring via MAPIE~1.3.0~\,partial,"Generic numeric, manual review during BΩ.",0,0,0
3,Paper 1: NSD-ISS Stage Classification,yellow,487,numerical,[percentage] 95\%  --  Cross-conformal (CV+) with Least Ambiguous set-valued Classifiers (LAC) scoring via MAPIE~1.3.0~\,partial,"Generic numeric, manual review during BΩ.",0,0,0
3,Paper 1: NSD-ISS Stage Classification,yellow,488,numerical,"[percentage] 95\%  --  \textbf{Metrics}: Balanced accuracy, AUC-ROC (binary) or macro one-vs-rest AUC (multiclass), Quad",partial,"Generic numeric, manual review during BΩ.",0,0,0
3,Paper 1: NSD-ISS Stage Classification,yellow,489,numerical,"[percentage] 64.4\%  --  Of 2,201 PPMI participants: Stage~0 (NSD-negative) 1,418 (64.4\%), Stage~1 67 (3.0\%), Stage~2B",partial,"Generic numeric, manual review during BΩ.",0,0,0
3,Paper 1: NSD-ISS Stage Classification,yellow,490,numerical,"[percentage] 3.0\%  --  Of 2,201 PPMI participants: Stage~0 (NSD-negative) 1,418 (64.4\%), Stage~1 67 (3.0\%), Stage~2B ",partial,"Generic numeric, manual review during BΩ.",0,0,0
3,Paper 1: NSD-ISS Stage Classification,yellow,491,numerical,"[percentage] 9.5\%  --  Of 2,201 PPMI participants: Stage~0 (NSD-negative) 1,418 (64.4\%), Stage~1 67 (3.0\%), Stage~2B ",partial,"Generic numeric, manual review during BΩ.",0,0,0
3,Paper 1: NSD-ISS Stage Classification,yellow,492,numerical,"[percentage] 22.1\%  --  Of 2,201 PPMI participants: Stage~0 (NSD-negative) 1,418 (64.4\%), Stage~1 67 (3.0\%), Stage~2B",partial,"Generic numeric, manual review during BΩ.",0,0,0
3,Paper 1: NSD-ISS Stage Classification,yellow,493,numerical,"[percentage] 0.8\%  --  Of 2,201 PPMI participants: Stage~0 (NSD-negative) 1,418 (64.4\%), Stage~1 67 (3.0\%), Stage~2B ",partial,"Generic numeric, manual review during BΩ.",0,0,0
3,Paper 1: NSD-ISS Stage Classification,yellow,494,numerical,"[percentage] 0.2\%  --  Of 2,201 PPMI participants: Stage~0 (NSD-negative) 1,418 (64.4\%), Stage~1 67 (3.0\%), Stage~2B ",partial,"Generic numeric, manual review during BΩ.",0,0,0
3,Paper 1: NSD-ISS Stage Classification,yellow,495,numerical,"[percentage] 95\%  --  \caption{Internal Benchmark Results: Full 46-Feature Models (5-Fold CV, Bootstrap 95\% CIs)}",partial,"Generic numeric, manual review during BΩ.",0,0,0
3,Paper 1: NSD-ISS Stage Classification,yellow,496,numerical,[percentage] 95\%  --  \textbf{Target} & \textbf{Model} & \textbf{Bal. Acc. [95\% CI]} & \textbf{AUC [95\% CI]} & \textb,partial,"Generic numeric, manual review during BΩ.",0,0,0
3,Paper 1: NSD-ISS Stage Classification,yellow,497,numerical,[percentage] 95\%  --  \textbf{Target} & \textbf{Model} & \textbf{Bal. Acc. [95\% CI]} & \textbf{AUC [95\% CI]} & \textb,partial,"Generic numeric, manual review during BΩ.",0,0,0
3,Paper 1: NSD-ISS Stage Classification,yellow,498,numerical,[percentage] 95\%  --  \textbf{Target} & \textbf{Model} & \textbf{Bal. Acc. [95\% CI]} & \textbf{AUC [95\% CI]} & \textb,partial,"Generic numeric, manual review during BΩ.",0,0,0
3,Paper 1: NSD-ISS Stage Classification,yellow,499,numerical,"[ci_bracket] [0.941, 0.960]  --  & CatBoost & \textbf{0.951} [0.941, 0.960] & \textbf{0.981} [0.974, 0.987] & \textbf{0.",partial,"Generic numeric, manual review during BΩ.",0,0,0
3,Paper 1: NSD-ISS Stage Classification,yellow,500,numerical,"[ci_bracket] [0.974, 0.987]  --  & CatBoost & \textbf{0.951} [0.941, 0.960] & \textbf{0.981} [0.974, 0.987] & \textbf{0.",partial,"Generic numeric, manual review during BΩ.",0,0,0
3,Paper 1: NSD-ISS Stage Classification,yellow,501,numerical,"[ci_bracket] [0.887, 0.923]  --  & CatBoost & \textbf{0.951} [0.941, 0.960] & \textbf{0.981} [0.974, 0.987] & \textbf{0.",partial,"Generic numeric, manual review during BΩ.",0,0,0
3,Paper 1: NSD-ISS Stage Classification,yellow,502,numerical,"[ci_bracket] [0.940, 0.960]  --  & LightGBM & 0.950 [0.940, 0.960] & 0.979 [0.972, 0.986] & 0.908 [0.891, 0.926] \\",verified,Paper 1 CatBoost binary AUC = 0.979.,0,1,0
3,Paper 1: NSD-ISS Stage Classification,yellow,503,numerical,"[ci_bracket] [0.972, 0.986]  --  & LightGBM & 0.950 [0.940, 0.960] & 0.979 [0.972, 0.986] & 0.908 [0.891, 0.926] \\",verified,Paper 1 CatBoost binary AUC = 0.979.,0,1,0
3,Paper 1: NSD-ISS Stage Classification,yellow,504,numerical,"[ci_bracket] [0.891, 0.926]  --  & LightGBM & 0.950 [0.940, 0.960] & 0.979 [0.972, 0.986] & 0.908 [0.891, 0.926] \\",verified,Paper 1 CatBoost binary AUC = 0.979.,0,1,0
3,Paper 1: NSD-ISS Stage Classification,yellow,505,numerical,"[ci_bracket] [0.941, 0.961]  --  & XGBoost & 0.951 [0.941, 0.961] & 0.979 [0.972, 0.985] & 0.913 [0.895, 0.930] \\",verified,Paper 1 CatBoost binary AUC = 0.979.,0,1,0
3,Paper 1: NSD-ISS Stage Classification,yellow,506,numerical,"[ci_bracket] [0.972, 0.985]  --  & XGBoost & 0.951 [0.941, 0.961] & 0.979 [0.972, 0.985] & 0.913 [0.895, 0.930] \\",verified,Paper 1 CatBoost binary AUC = 0.979.,0,1,0
3,Paper 1: NSD-ISS Stage Classification,yellow,507,numerical,"[ci_bracket] [0.895, 0.930]  --  & XGBoost & 0.951 [0.941, 0.961] & 0.979 [0.972, 0.985] & 0.913 [0.895, 0.930] \\",verified,Paper 1 CatBoost binary AUC = 0.979.,0,1,0
3,Paper 1: NSD-ISS Stage Classification,yellow,508,numerical,"[ci_bracket] [0.901, 0.927]  --  & Random Forest & 0.914 [0.901, 0.927] & 0.971 [0.964, 0.978] & 0.821 [0.795, 0.847] \\",partial,"Generic numeric, manual review during BΩ.",0,0,0
3,Paper 1: NSD-ISS Stage Classification,yellow,509,numerical,"[ci_bracket] [0.964, 0.978]  --  & Random Forest & 0.914 [0.901, 0.927] & 0.971 [0.964, 0.978] & 0.821 [0.795, 0.847] \\",partial,"Generic numeric, manual review during BΩ.",0,0,0
3,Paper 1: NSD-ISS Stage Classification,yellow,510,numerical,"[ci_bracket] [0.795, 0.847]  --  & Random Forest & 0.914 [0.901, 0.927] & 0.971 [0.964, 0.978] & 0.821 [0.795, 0.847] \\",partial,"Generic numeric, manual review during BΩ.",0,0,0
3,Paper 1: NSD-ISS Stage Classification,yellow,511,numerical,"[ci_bracket] [0.753, 0.803]  --  & CatBoost & \textbf{0.778} [0.753, 0.803] & \textbf{0.944} & 0.836 [0.812, 0.857] \\",partial,"Generic numeric, manual review during BΩ.",0,0,0
3,Paper 1: NSD-ISS Stage Classification,yellow,512,numerical,"[ci_bracket] [0.812, 0.857]  --  & CatBoost & \textbf{0.778} [0.753, 0.803] & \textbf{0.944} & 0.836 [0.812, 0.857] \\",partial,"Generic numeric, manual review during BΩ.",0,0,0
3,Paper 1: NSD-ISS Stage Classification,yellow,513,numerical,"[ci_bracket] [0.738, 0.786]  --  & XGBoost & 0.762 [0.738, 0.786] & 0.950 & \textbf{0.874} [0.854, 0.894] \\",partial,"Generic numeric, manual review during BΩ.",0,0,0
3,Paper 1: NSD-ISS Stage Classification,yellow,514,numerical,"[ci_bracket] [0.854, 0.894]  --  & XGBoost & 0.762 [0.738, 0.786] & 0.950 & \textbf{0.874} [0.854, 0.894] \\",partial,"Generic numeric, manual review during BΩ.",0,0,0
3,Paper 1: NSD-ISS Stage Classification,yellow,515,numerical,"[ci_bracket] [0.736, 0.786]  --  & Logistic Reg. & 0.760 [0.736, 0.786] & 0.928 & 0.774 [0.748, 0.798] \\",partial,"Generic numeric, manual review during BΩ.",0,0,0
3,Paper 1: NSD-ISS Stage Classification,yellow,516,numerical,"[ci_bracket] [0.748, 0.798]  --  & Logistic Reg. & 0.760 [0.736, 0.786] & 0.928 & 0.774 [0.748, 0.798] \\",partial,"Generic numeric, manual review during BΩ.",0,0,0
3,Paper 1: NSD-ISS Stage Classification,yellow,517,numerical,"[ci_bracket] [0.623, 0.697]  --  & CatBoost & \textbf{0.658} [0.623, 0.697] & \textbf{0.954} & 0.850 [0.827, 0.869] \\",partial,"Generic numeric, manual review during BΩ.",0,0,0
3,Paper 1: NSD-ISS Stage Classification,yellow,518,numerical,"[ci_bracket] [0.827, 0.869]  --  & CatBoost & \textbf{0.658} [0.623, 0.697] & \textbf{0.954} & 0.850 [0.827, 0.869] \\",partial,"Generic numeric, manual review during BΩ.",0,0,0
3,Paper 1: NSD-ISS Stage Classification,yellow,519,numerical,"[ci_bracket] [0.601, 0.698]  --  & XGBoost & 0.644 [0.601, 0.698] & 0.955 & \textbf{0.899} [0.880, 0.915] \\",verified,Phase 5 Task 5: 644 patients ≥3 scans.,0,1,0
3,Paper 1: NSD-ISS Stage Classification,yellow,520,numerical,"[ci_bracket] [0.880, 0.915]  --  & XGBoost & 0.644 [0.601, 0.698] & 0.955 & \textbf{0.899} [0.880, 0.915] \\",verified,Phase 5 Task 5: 644 patients ≥3 scans.,0,1,0
3,Paper 1: NSD-ISS Stage Classification,yellow,521,numerical,"[ci_bracket] [0.593, 0.655]  --  & Random Forest & 0.621 [0.593, 0.655] & 0.941 & 0.746 [0.712, 0.776] \\",partial,"Generic numeric, manual review during BΩ.",0,0,0
3,Paper 1: NSD-ISS Stage Classification,yellow,522,numerical,"[ci_bracket] [0.712, 0.776]  --  & Random Forest & 0.621 [0.593, 0.655] & 0.941 & 0.746 [0.712, 0.776] \\",partial,"Generic numeric, manual review during BΩ.",0,0,0
3,Paper 1: NSD-ISS Stage Classification,yellow,523,numerical,"[ci_bracket] [0.624, 0.728]  --  & CatBoost & \textbf{0.671} [0.624, 0.728] & \textbf{0.913} & \textbf{0.734} [0.686, 0.",partial,"Generic numeric, manual review during BΩ.",0,0,0
3,Paper 1: NSD-ISS Stage Classification,yellow,524,numerical,"[ci_bracket] [0.686, 0.782]  --  & CatBoost & \textbf{0.671} [0.624, 0.728] & \textbf{0.913} & \textbf{0.734} [0.686, 0.",partial,"Generic numeric, manual review during BΩ.",0,0,0
3,Paper 1: NSD-ISS Stage Classification,yellow,525,numerical,"[ci_bracket] [0.610, 0.736]  --  & XGBoost & 0.669 [0.610, 0.736] & 0.911 & 0.712 [0.660, 0.756] \\",partial,"Generic numeric, manual review during BΩ.",0,0,0
3,Paper 1: NSD-ISS Stage Classification,yellow,526,numerical,"[ci_bracket] [0.660, 0.756]  --  & XGBoost & 0.669 [0.610, 0.736] & 0.911 & 0.712 [0.660, 0.756] \\",partial,"Generic numeric, manual review during BΩ.",0,0,0
3,Paper 1: NSD-ISS Stage Classification,yellow,527,numerical,"[ci_bracket] [0.602, 0.672]  --  & Random Forest & 0.634 [0.602, 0.672] & 0.903 & 0.726 [0.679, 0.771] \\",partial,"Generic numeric, manual review during BΩ.",0,0,0
3,Paper 1: NSD-ISS Stage Classification,yellow,528,numerical,"[ci_bracket] [0.679, 0.771]  --  & Random Forest & 0.634 [0.602, 0.672] & 0.903 & 0.726 [0.679, 0.771] \\",partial,"Generic numeric, manual review during BΩ.",0,0,0
3,Paper 1: NSD-ISS Stage Classification,yellow,529,numerical,"[percentage] 95\%  --  \raggedright\scriptsize\textit{Note:} Bootstrap 95\% CIs computed from 1,000 resamples. AUC CIs a",partial,"Generic numeric, manual review during BΩ.",0,0,0
3,Paper 1: NSD-ISS Stage Classification,yellow,530,numerical,"[percentage] 90\%  --  \caption{Cross-Conformal Prediction Results (CatBoost, 90\% Confidence)}",partial,"Generic numeric, manual review during BΩ.",0,0,0
3,Paper 1: NSD-ISS Stage Classification,yellow,531,numerical,[percentage] 95.5\%  --  Binary & 95.5\% & 0.96 & Near-singleton \\,partial,"Generic numeric, manual review during BΩ.",0,0,0
3,Paper 1: NSD-ISS Stage Classification,yellow,532,numerical,[percentage] 98.9\%  --  Three-class & 98.9\% & 1.03 & Near-singleton \\,partial,"Generic numeric, manual review during BΩ.",0,0,0
3,Paper 1: NSD-ISS Stage Classification,yellow,533,numerical,[percentage] 98.1\%  --  Full ordinal & 98.1\% & 1.10 & Near-singleton \\,partial,"Generic numeric, manual review during BΩ.",0,0,0
3,Paper 1: NSD-ISS Stage Classification,yellow,534,numerical,[percentage] 99.5\%  --  NSD+ subgroup & 99.5\% & 1.27 & 1.27 labels/patient \\,partial,"Generic numeric, manual review during BΩ.",0,0,0
3,Paper 1: NSD-ISS Stage Classification,yellow,535,numerical,[percentage] 90\%  --  Cross-conformal CV+ with LAC scoring achieved ${>}90\%$ marginal coverage across all targets with,partial,"Generic numeric, manual review during BΩ.",0,0,0
3,Paper 1: NSD-ISS Stage Classification,yellow,536,numerical,[percentage] 95.5\%  --  Cross-conformal CV+ with LAC scoring achieved ${>}90\%$ marginal coverage across all targets wi,partial,"Generic numeric, manual review during BΩ.",0,0,0
3,Paper 1: NSD-ISS Stage Classification,yellow,537,numerical,[percentage] 80\%  --  \caption{Conformal prediction coverage and mean set size across four NSD-ISS target formulations ,partial,"Generic numeric, manual review during BΩ.",0,0,0
3,Paper 1: NSD-ISS Stage Classification,yellow,538,numerical,[percentage] 90\%  --  \caption{Conformal prediction coverage and mean set size across four NSD-ISS target formulations ,partial,"Generic numeric, manual review during BΩ.",0,0,0
3,Paper 1: NSD-ISS Stage Classification,yellow,539,numerical,[percentage] 95\%  --  \caption{Conformal prediction coverage and mean set size across four NSD-ISS target formulations ,partial,"Generic numeric, manual review during BΩ.",0,0,0
3,Paper 1: NSD-ISS Stage Classification,yellow,540,numerical,[percentage] 25.4\%  --  \caption{Feature ablation: Full 46-feature model versus clinical-only 12-feature model. DaT-SPE,partial,"Generic numeric, manual review during BΩ.",0,0,0
3,Paper 1: NSD-ISS Stage Classification,yellow,541,numerical,[percentage] 1.4\%  --  \caption{Feature ablation: Full 46-feature model versus clinical-only 12-feature model. DaT-SPEC,partial,"Generic numeric, manual review during BΩ.",0,0,0
3,Paper 1: NSD-ISS Stage Classification,yellow,542,numerical,[percentage] 25.4\%  --  Binary & 0.981 & 0.727 & $\mathbf{-25.4\%}$ \\,partial,"Generic numeric, manual review during BΩ.",0,0,0
3,Paper 1: NSD-ISS Stage Classification,yellow,543,numerical,[percentage] 15.6\%  --  Three-class & 0.944 & 0.797 & $-15.6\%$ \\,partial,"Generic numeric, manual review during BΩ.",0,0,0
3,Paper 1: NSD-ISS Stage Classification,yellow,544,numerical,[percentage] 13.1\%  --  Full ordinal & 0.954 & 0.823 & $-13.1\%$ \\,partial,"Generic numeric, manual review during BΩ.",0,0,0
3,Paper 1: NSD-ISS Stage Classification,yellow,545,numerical,[percentage] 1.4\%  --  NSD+ subgroup & 0.913 & 0.900 & $\mathbf{-1.4\%}$ \\,verified,Paper 1 NSD+ 12-feature AUC = 0.900.,0,1,0
3,Paper 1: NSD-ISS Stage Classification,yellow,546,numerical,[percentage] 1.4\%  --  DaT-SPECT features are essential for binary NSD-ISS prediction (Table~\ref{p1:tab:ablation}). Ho,partial,"Generic numeric, manual review during BΩ.",0,0,0
3,Paper 1: NSD-ISS Stage Classification,yellow,547,numerical,"[auc_cindex] AUC 0.900  --  \textbf{NSD-positive 4-class} ($n{=}103$, primary external clinical result): Logistic Regres",verified,Paper 1 NSD+ 12-feature AUC = 0.900.,0,1,0
3,Paper 1: NSD-ISS Stage Classification,yellow,548,numerical,"[auc_cindex] AUC 0.703  --  \textbf{Three-class} ($n{=}103$): AUC 0.703, suggesting moderate ranking ability despite poo",partial,"Generic numeric, manual review during BΩ.",0,0,0
3,Paper 1: NSD-ISS Stage Classification,yellow,549,numerical,"[auc_cindex] AUC 0.637  --  \textbf{Binary} ($n{=}108$, reported as a data-quality diagnostic): CatBoost achieved 0.516 ",partial,"Generic numeric, manual review during BΩ.",0,0,0
3,Paper 1: NSD-ISS Stage Classification,yellow,550,numerical,[percentage] 30\%  --  \caption{Cross-model prediction disagreement on PDBP ($n{=}893$). Binary NSD-positive predictions,partial,"Generic numeric, manual review during BΩ.",0,0,0
3,Paper 1: NSD-ISS Stage Classification,yellow,551,numerical,[percentage] 65\%  --  \caption{Cross-model prediction disagreement on PDBP ($n{=}893$). Binary NSD-positive predictions,partial,"Generic numeric, manual review during BΩ.",0,0,0
3,Paper 1: NSD-ISS Stage Classification,yellow,552,numerical,"[percentage] 30.2\%  --  \textbf{PDBP} ($n{=}893$): Binary NSD+ predictions ranged from 30.2\% (RF) to 65.3\% (LogReg), ",partial,"Generic numeric, manual review during BΩ.",0,0,0
3,Paper 1: NSD-ISS Stage Classification,yellow,553,numerical,"[percentage] 65.3\%  --  \textbf{PDBP} ($n{=}893$): Binary NSD+ predictions ranged from 30.2\% (RF) to 65.3\% (LogReg), ",partial,"Generic numeric, manual review during BΩ.",0,0,0
3,Paper 1: NSD-ISS Stage Classification,yellow,554,numerical,"[percentage] 92\%  --  \textbf{PDBP} ($n{=}893$): Binary NSD+ predictions ranged from 30.2\% (RF) to 65.3\% (LogReg), re",partial,"Generic numeric, manual review during BΩ.",0,0,0
3,Paper 1: NSD-ISS Stage Classification,yellow,555,numerical,[percentage] 25.4\%  --  This study provides the first machine learning benchmark for NSD-ISS biological stage predictio,partial,"Generic numeric, manual review during BΩ.",0,0,0
3,Paper 1: NSD-ISS Stage Classification,yellow,556,numerical,"[auc_cindex] AUC 0.900  --  Second, clinical features alone achieved AUC 0.900 for NSD-positive sub-staging (four-class ",verified,Paper 1 NSD+ 12-feature AUC = 0.900.,0,1,0
3,Paper 1: NSD-ISS Stage Classification,yellow,557,numerical,[percentage] 90\%  --  Cross-conformal prediction achieved ${>}90\%$ marginal coverage with near-singleton sets (0.96--1,partial,"Generic numeric, manual review during BΩ.",0,0,0
3,Paper 1: NSD-ISS Stage Classification,yellow,558,numerical,[percentage] 95.5\%  --  Cross-conformal prediction achieved ${>}90\%$ marginal coverage with near-singleton sets (0.96-,partial,"Generic numeric, manual review during BΩ.",0,0,0
3,Paper 1: NSD-ISS Stage Classification,yellow,559,numerical,[percentage] 0.8\%  --  Several limitations warrant consideration. The most significant is severe class imbalance: Stage,partial,"Generic numeric, manual review during BΩ.",0,0,0
3,Paper 1: NSD-ISS Stage Classification,yellow,560,numerical,[percentage] 12.6\%  --  Several limitations warrant consideration. The most significant is severe class imbalance: Stag,partial,"Generic numeric, manual review during BΩ.",0,0,0
3,Paper 1: NSD-ISS Stage Classification,yellow,561,numerical,[auc_cindex] AUC 0.900  --  This study establishes the first comprehensive benchmark for NSD-ISS biological stage predic,verified,Paper 1 NSD+ 12-feature AUC = 0.900.,0,1,0
3,Paper 1: NSD-ISS Stage Classification,yellow,562,numerical,"[percentage] 90\%  --  This study establishes the first comprehensive benchmark for NSD-ISS biological stage prediction,",partial,"Generic numeric, manual review during BΩ.",0,0,0
4,Paper 2: GIMIN Imputation,yellow,49,literature,Chapter 4 cites \cite{buuren2011},partial,Cite key not in Phase 5 verified set; needs ezproxy pass during BΩ.,1,0,0
4,Paper 2: GIMIN Imputation,yellow,50,literature,Chapter 4 cites \cite{diazrincon2025},verified,"Canonical reference (Phase 1-5 verified set); no DOI in bibitem (pre-DOI textbook, ISBN, or preprint).",1,0,0
4,Paper 2: GIMIN Imputation,yellow,51,literature,Chapter 4 cites \cite{du2023},partial,Cite key not in Phase 5 verified set; needs ezproxy pass during BΩ.,1,0,0
4,Paper 2: GIMIN Imputation,yellow,52,literature,Chapter 4 cites \cite{dupre2025bench},partial,Cite key not in Phase 5 verified set; needs ezproxy pass during BΩ.,1,0,0
4,Paper 2: GIMIN Imputation,yellow,53,literature,Chapter 4 cites \cite{dupre2025gimin},partial,Cite key not in Phase 5 verified set; needs ezproxy pass during BΩ.,1,0,0
4,Paper 2: GIMIN Imputation,yellow,54,literature,Chapter 4 cites \cite{grinsztajn2022},verified,"Canonical reference (Phase 1-5 verified set); no DOI in bibitem (pre-DOI textbook, ISBN, or preprint).",1,0,0
4,Paper 2: GIMIN Imputation,yellow,55,literature,Chapter 4 cites \cite{huang2023},verified,"Canonical reference (Phase 1-5 verified set); no DOI in bibitem (pre-DOI textbook, ISBN, or preprint).",1,0,0
4,Paper 2: GIMIN Imputation,yellow,56,literature,Chapter 4 cites \cite{mattei2019},partial,Cite key not in Phase 5 verified set; needs ezproxy pass during BΩ.,1,0,0
4,Paper 2: GIMIN Imputation,yellow,57,literature,Chapter 4 cites \cite{postuma2015},partial,Cite key not in Phase 5 verified set; needs ezproxy pass during BΩ.,1,0,0
4,Paper 2: GIMIN Imputation,yellow,58,literature,Chapter 4 cites \cite{russo2025},verified,"Canonical reference (Phase 1-5 verified set); no DOI in bibitem (pre-DOI textbook, ISBN, or preprint).",1,0,0
4,Paper 2: GIMIN Imputation,yellow,59,literature,Chapter 4 cites \cite{shwartzziv2022},partial,Cite key not in Phase 5 verified set; needs ezproxy pass during BΩ.,1,0,0
4,Paper 2: GIMIN Imputation,yellow,60,literature,Chapter 4 cites \cite{simuni2024},verified,Verified during Phase 1-5 development (Phase 5 Task 5 lit review or earlier defensive citation pipeline).,1,0,0
4,Paper 2: GIMIN Imputation,yellow,61,literature,Chapter 4 cites \cite{simuni2025},partial,Cite key not in Phase 5 verified set; needs ezproxy pass during BΩ.,1,0,0
4,Paper 2: GIMIN Imputation,yellow,62,literature,Chapter 4 cites \cite{stekhoven2012},partial,Cite key not in Phase 5 verified set; needs ezproxy pass during BΩ.,1,0,0
4,Paper 2: GIMIN Imputation,yellow,63,literature,Chapter 4 cites \cite{vovk2022},partial,Cite key not in Phase 5 verified set; needs ezproxy pass during BΩ.,1,0,0
4,Paper 2: GIMIN Imputation,yellow,64,literature,Chapter 4 cites \cite{yoon2018},partial,Cite key not in Phase 5 verified set; needs ezproxy pass during BΩ.,1,0,0
4,Paper 2: GIMIN Imputation,yellow,65,literature,Chapter 4 cites \cite{you2020},partial,Cite key not in Phase 5 verified set; needs ezproxy pass during BΩ.,1,0,0
4,Paper 2: GIMIN Imputation,yellow,563,numerical,[percentage] 39.6\%  --  Multimodal clinical data from the Parkinson's Progression Markers Initiative (PPMI) spans seven,partial,"Generic numeric, manual review during BΩ.",0,0,0
4,Paper 2: GIMIN Imputation,yellow,564,numerical,[percentage] 90.8\%  --  Multimodal clinical data from the Parkinson's Progression Markers Initiative (PPMI) spans seven,partial,"Generic numeric, manual review during BΩ.",0,0,0
4,Paper 2: GIMIN Imputation,yellow,565,numerical,[percentage] 10\%  --  Multimodal clinical data from the Parkinson's Progression Markers Initiative (PPMI) spans seven m,partial,"Generic numeric, manual review during BΩ.",0,0,0
4,Paper 2: GIMIN Imputation,yellow,566,numerical,[percentage] 50\%  --  Multimodal clinical data from the Parkinson's Progression Markers Initiative (PPMI) spans seven m,partial,"Generic numeric, manual review during BΩ.",0,0,0
4,Paper 2: GIMIN Imputation,yellow,567,numerical,[percentage] 10\%  --  Multimodal clinical data from the Parkinson's Progression Markers Initiative (PPMI) spans seven m,partial,"Generic numeric, manual review during BΩ.",0,0,0
4,Paper 2: GIMIN Imputation,yellow,568,numerical,[percentage] 22\%  --  Multimodal clinical data from the Parkinson's Progression Markers Initiative (PPMI) spans seven m,partial,"Generic numeric, manual review during BΩ.",0,0,0
4,Paper 2: GIMIN Imputation,yellow,569,numerical,[percentage] 49\%  --  Multimodal clinical data from the Parkinson's Progression Markers Initiative (PPMI) spans seven m,partial,"Generic numeric, manual review during BΩ.",0,0,0
4,Paper 2: GIMIN Imputation,yellow,570,numerical,[percentage] 5.6\%  --  Multimodal clinical data from the Parkinson's Progression Markers Initiative (PPMI) spans seven ,partial,"Generic numeric, manual review during BΩ.",0,0,0
4,Paper 2: GIMIN Imputation,yellow,571,numerical,[percentage] 5.1\%  --  Multimodal clinical data from the Parkinson's Progression Markers Initiative (PPMI) spans seven ,partial,"Generic numeric, manual review during BΩ.",0,0,0
4,Paper 2: GIMIN Imputation,yellow,572,numerical,[percentage] 90\%  --  Multimodal clinical data from the Parkinson's Progression Markers Initiative (PPMI) spans seven m,partial,"Generic numeric, manual review during BΩ.",0,0,0
4,Paper 2: GIMIN Imputation,yellow,573,numerical,[percentage] 39.6\%  --  Parkinson's disease (PD) affects more than 10 million individuals worldwide and is characterize,partial,"Generic numeric, manual review during BΩ.",0,0,0
4,Paper 2: GIMIN Imputation,yellow,574,numerical,[percentage] 5.1\%  --  \item \textbf{Downstream validation}: We demonstrate that stage-aware imputation preserves stage,partial,"Generic numeric, manual review during BΩ.",0,0,0
4,Paper 2: GIMIN Imputation,yellow,575,numerical,"[percentage] 39.6\%  --  Overall missingness was 39.6\%, with modality-specific rates ranging from $<5\%$ (demographics)",partial,"Generic numeric, manual review during BΩ.",0,0,0
4,Paper 2: GIMIN Imputation,yellow,576,numerical,"[percentage] 5\%  --  Overall missingness was 39.6\%, with modality-specific rates ranging from $<5\%$ (demographics) to",partial,"Generic numeric, manual review during BΩ.",0,0,0
4,Paper 2: GIMIN Imputation,yellow,577,numerical,"[percentage] 60\%  --  Overall missingness was 39.6\%, with modality-specific rates ranging from $<5\%$ (demographics) t",partial,"Generic numeric, manual review during BΩ.",0,0,0
4,Paper 2: GIMIN Imputation,yellow,578,numerical,"[percentage] 64.5\%  --  Overall missingness was 39.6\%, with modality-specific rates ranging from $<5\%$ (demographics)",partial,"Generic numeric, manual review during BΩ.",0,0,0
4,Paper 2: GIMIN Imputation,yellow,579,numerical,"[percentage] 0.8\%  --  Overall missingness was 39.6\%, with modality-specific rates ranging from $<5\%$ (demographics) ",partial,"Generic numeric, manual review during BΩ.",0,0,0
4,Paper 2: GIMIN Imputation,yellow,580,numerical,"[percentage] 90.8\%  --  \node[stageblock, below left=1.0cm and 1.5cm of cross, text width=4.8cm] (graph) {Stage-Aware P",partial,"Generic numeric, manual review during BΩ.",0,0,0
4,Paper 2: GIMIN Imputation,yellow,581,numerical,"[beta_coef] \beta = 0.3  --  \node[stageblock, below left=1.0cm and 1.5cm of cross, text width=4.8cm] (graph) {Stage-Awa",partial,"Generic numeric, manual review during BΩ.",0,0,0
4,Paper 2: GIMIN Imputation,yellow,582,numerical,"[percentage] 90\%  --  \node[conformal, below=0.8cm of mc, text width=4.8cm] (conformal) {Per-Feature Conformal Predicti",partial,"Generic numeric, manual review during BΩ.",0,0,0
4,Paper 2: GIMIN Imputation,yellow,583,numerical,[percentage] 90.8\%  --  where $\beta = 0.3$ is a hyperparameter controlling the strength of stage preference. After re-,partial,"Generic numeric, manual review during BΩ.",0,0,0
4,Paper 2: GIMIN Imputation,yellow,584,numerical,[beta_coef] \beta = 0.3  --  where $\beta = 0.3$ is a hyperparameter controlling the strength of stage preference. After,partial,"Generic numeric, manual review during BΩ.",0,0,0
4,Paper 2: GIMIN Imputation,yellow,585,numerical,"[percentage] 50\%  --  We evaluate calibration at five nominal levels: 50\%, 70\%, 80\%, 90\%, and 95\%.",partial,"Generic numeric, manual review during BΩ.",0,0,0
4,Paper 2: GIMIN Imputation,yellow,586,numerical,"[percentage] 70\%  --  We evaluate calibration at five nominal levels: 50\%, 70\%, 80\%, 90\%, and 95\%.",partial,"Generic numeric, manual review during BΩ.",0,0,0
4,Paper 2: GIMIN Imputation,yellow,587,numerical,"[percentage] 80\%  --  We evaluate calibration at five nominal levels: 50\%, 70\%, 80\%, 90\%, and 95\%.",partial,"Generic numeric, manual review during BΩ.",0,0,0
4,Paper 2: GIMIN Imputation,yellow,588,numerical,"[percentage] 90\%  --  We evaluate calibration at five nominal levels: 50\%, 70\%, 80\%, 90\%, and 95\%.",partial,"Generic numeric, manual review during BΩ.",0,0,0
4,Paper 2: GIMIN Imputation,yellow,589,numerical,"[percentage] 95\%  --  We evaluate calibration at five nominal levels: 50\%, 70\%, 80\%, 90\%, and 95\%.",partial,"Generic numeric, manual review during BΩ.",0,0,0
4,Paper 2: GIMIN Imputation,yellow,590,numerical,"[percentage] 10\%  --  \textbf{Artificial Masking.} We randomly mask 10\%, 20\%, 30\%, and 50\% of observed values (i.e.",partial,"Generic numeric, manual review during BΩ.",0,0,0
4,Paper 2: GIMIN Imputation,yellow,591,numerical,"[percentage] 20\%  --  \textbf{Artificial Masking.} We randomly mask 10\%, 20\%, 30\%, and 50\% of observed values (i.e.",partial,"Generic numeric, manual review during BΩ.",0,0,0
4,Paper 2: GIMIN Imputation,yellow,592,numerical,"[percentage] 30\%  --  \textbf{Artificial Masking.} We randomly mask 10\%, 20\%, 30\%, and 50\% of observed values (i.e.",partial,"Generic numeric, manual review during BΩ.",0,0,0
4,Paper 2: GIMIN Imputation,yellow,593,numerical,"[percentage] 50\%  --  \textbf{Artificial Masking.} We randomly mask 10\%, 20\%, 30\%, and 50\% of observed values (i.e.",partial,"Generic numeric, manual review during BΩ.",0,0,0
4,Paper 2: GIMIN Imputation,yellow,594,numerical,"[percentage] 39.6\%  --  \textbf{Artificial Masking.} We randomly mask 10\%, 20\%, 30\%, and 50\% of observed values (i.",partial,"Generic numeric, manual review during BΩ.",0,0,0
4,Paper 2: GIMIN Imputation,yellow,595,numerical,[percentage] 20\%  --  \textbf{Training.} Each configuration is trained for 200 epochs with 3 independent runs per mask ,partial,"Generic numeric, manual review during BΩ.",0,0,0
4,Paper 2: GIMIN Imputation,yellow,596,numerical,[percentage] 10\%  --  Table~\ref{p2:tab:benchmark} presents the imputation benchmark across all 12 models and four mask,partial,"Generic numeric, manual review during BΩ.",0,0,0
4,Paper 2: GIMIN Imputation,yellow,597,numerical,[percentage] 21.6\%  --  Table~\ref{p2:tab:benchmark} presents the imputation benchmark across all 12 models and four ma,partial,"Generic numeric, manual review during BΩ.",0,0,0
4,Paper 2: GIMIN Imputation,yellow,598,numerical,[percentage] 26.0\%  --  Table~\ref{p2:tab:benchmark} presents the imputation benchmark across all 12 models and four ma,partial,"Generic numeric, manual review during BΩ.",0,0,0
4,Paper 2: GIMIN Imputation,yellow,599,numerical,[percentage] 50\%  --  Table~\ref{p2:tab:benchmark} presents the imputation benchmark across all 12 models and four mask,partial,"Generic numeric, manual review during BΩ.",0,0,0
4,Paper 2: GIMIN Imputation,yellow,600,numerical,"[percentage] 10\%  --  The three deep learning baselines---GAIN, SAITS, and MIWAE---all underperform the classical tree-",partial,"Generic numeric, manual review during BΩ.",0,0,0
4,Paper 2: GIMIN Imputation,yellow,601,numerical,"[percentage] 53\%  --  The three deep learning baselines---GAIN, SAITS, and MIWAE---all underperform the classical tree-",partial,"Generic numeric, manual review during BΩ.",0,0,0
4,Paper 2: GIMIN Imputation,yellow,602,numerical,"[percentage] 20\%  --  MissForest outperforms MICE at every mask fraction except 20\%, confirming its suitability as a s",partial,"Generic numeric, manual review during BΩ.",0,0,0
4,Paper 2: GIMIN Imputation,yellow,603,numerical,"[percentage] 10\%  --  MissForest outperforms MICE at every mask fraction except 20\%, confirming its suitability as a s",partial,"Generic numeric, manual review during BΩ.",0,0,0
4,Paper 2: GIMIN Imputation,yellow,604,numerical,[auc_cindex] c = 0.1  --  & \multicolumn{2}{c}{\textbf{frac = 0.1}} & \multicolumn{2}{c}{\textbf{frac = 0.2}} & \multico,partial,"Generic numeric, manual review during BΩ.",0,0,0
4,Paper 2: GIMIN Imputation,yellow,605,numerical,[auc_cindex] c = 0.2  --  & \multicolumn{2}{c}{\textbf{frac = 0.1}} & \multicolumn{2}{c}{\textbf{frac = 0.2}} & \multico,partial,"Generic numeric, manual review during BΩ.",0,0,0
4,Paper 2: GIMIN Imputation,yellow,606,numerical,[auc_cindex] c = 0.3  --  & \multicolumn{2}{c}{\textbf{frac = 0.1}} & \multicolumn{2}{c}{\textbf{frac = 0.2}} & \multico,partial,"Generic numeric, manual review during BΩ.",0,0,0
4,Paper 2: GIMIN Imputation,yellow,607,numerical,[auc_cindex] c = 0.5  --  & \multicolumn{2}{c}{\textbf{frac = 0.1}} & \multicolumn{2}{c}{\textbf{frac = 0.2}} & \multico,partial,"Generic numeric, manual review during BΩ.",0,0,0
4,Paper 2: GIMIN Imputation,yellow,608,numerical,[percentage] 22\%  --  \parbox{\textwidth}{\scriptsize Bold indicates best performance. All GIMIN variants outperform al,partial,"Generic numeric, manual review during BΩ.",0,0,0
4,Paper 2: GIMIN Imputation,yellow,609,numerical,[percentage] 26\%  --  \parbox{\textwidth}{\scriptsize Bold indicates best performance. All GIMIN variants outperform al,partial,"Generic numeric, manual review during BΩ.",0,0,0
4,Paper 2: GIMIN Imputation,yellow,610,numerical,[percentage] 49\%  --  \parbox{\textwidth}{\scriptsize Bold indicates best performance. All GIMIN variants outperform al,partial,"Generic numeric, manual review during BΩ.",0,0,0
4,Paper 2: GIMIN Imputation,yellow,611,numerical,"[percentage] 10\%  --  Fig.~\ref{p2:fig:rmse_comparison} visualizes the RMSE comparison across models at 10\% masking, c",partial,"Generic numeric, manual review during BΩ.",0,0,0
4,Paper 2: GIMIN Imputation,yellow,612,numerical,"[percentage] 10\%  --  ylabel={RMSE (10\% masking)},",partial,"Generic numeric, manual review during BΩ.",0,0,0
4,Paper 2: GIMIN Imputation,yellow,613,numerical,"[percentage] 10\%  --  \caption{RMSE comparison at 10\% masking across all 12 models. Classical baselines (gray), deep l",partial,"Generic numeric, manual review during BΩ.",0,0,0
4,Paper 2: GIMIN Imputation,yellow,614,numerical,"[percentage] 49\%  --  \caption{RMSE comparison at 10\% masking across all 12 models. Classical baselines (gray), deep l",partial,"Generic numeric, manual review during BΩ.",0,0,0
4,Paper 2: GIMIN Imputation,yellow,615,numerical,"[percentage] 22\%  --  \caption{RMSE comparison at 10\% masking across all 12 models. Classical baselines (gray), deep l",partial,"Generic numeric, manual review during BΩ.",0,0,0
4,Paper 2: GIMIN Imputation,yellow,616,numerical,[percentage] 10\%  --  Table~\ref{p2:tab:per_stage} presents per-stage RMSE at 10\% masking (averaged over 3 runs). The ,partial,"Generic numeric, manual review during BΩ.",0,0,0
4,Paper 2: GIMIN Imputation,yellow,617,numerical,[percentage] 64.5\%  --  Table~\ref{p2:tab:per_stage} presents per-stage RMSE at 10\% masking (averaged over 3 runs). Th,partial,"Generic numeric, manual review during BΩ.",0,0,0
4,Paper 2: GIMIN Imputation,yellow,618,numerical,"[percentage] 17.4\%  --  StageDecoderOnly achieves the best minority-stage average RMSE ($65.7$), reducing Stage~1 RMSE ",partial,"Generic numeric, manual review during BΩ.",0,0,0
4,Paper 2: GIMIN Imputation,yellow,619,numerical,"[percentage] 13.4\%  --  StageDecoderOnly achieves the best minority-stage average RMSE ($65.7$), reducing Stage~1 RMSE ",partial,"Generic numeric, manual review during BΩ.",0,0,0
4,Paper 2: GIMIN Imputation,yellow,620,numerical,"[percentage] 10\%  --  \caption{Per-Stage RMSE at 10\% Masking (Mean Over 3 Runs). Minority Avg = mean of Stages 1, 2B, ",partial,"Generic numeric, manual review during BΩ.",0,0,0
4,Paper 2: GIMIN Imputation,yellow,621,numerical,[percentage] 90\%  --  Table~\ref{p2:tab:conformal} presents conformal calibration results at the 90\% nominal level for,partial,"Generic numeric, manual review during BΩ.",0,0,0
4,Paper 2: GIMIN Imputation,yellow,622,numerical,[percentage] 10\%  --  Table~\ref{p2:tab:conformal} presents conformal calibration results at the 90\% nominal level for,partial,"Generic numeric, manual review during BΩ.",0,0,0
4,Paper 2: GIMIN Imputation,yellow,623,numerical,[percentage] 90.6\%  --  Table~\ref{p2:tab:conformal} presents conformal calibration results at the 90\% nominal level f,partial,"Generic numeric, manual review during BΩ.",0,0,0
4,Paper 2: GIMIN Imputation,yellow,624,numerical,"[percentage] 90\%  --  Stage-conditional coverage exceeds the nominal 90\% for all stages: Stage~0 (90.9\%), Stage~1 (94",partial,"Generic numeric, manual review during BΩ.",0,0,0
4,Paper 2: GIMIN Imputation,yellow,625,numerical,"[percentage] 90.9\%  --  Stage-conditional coverage exceeds the nominal 90\% for all stages: Stage~0 (90.9\%), Stage~1 (",partial,"Generic numeric, manual review during BΩ.",0,0,0
4,Paper 2: GIMIN Imputation,yellow,626,numerical,"[percentage] 94.0\%  --  Stage-conditional coverage exceeds the nominal 90\% for all stages: Stage~0 (90.9\%), Stage~1 (",partial,"Generic numeric, manual review during BΩ.",0,0,0
4,Paper 2: GIMIN Imputation,yellow,627,numerical,"[percentage] 92.3\%  --  Stage-conditional coverage exceeds the nominal 90\% for all stages: Stage~0 (90.9\%), Stage~1 (",partial,"Generic numeric, manual review during BΩ.",0,0,0
4,Paper 2: GIMIN Imputation,yellow,628,numerical,"[percentage] 91.0\%  --  Stage-conditional coverage exceeds the nominal 90\% for all stages: Stage~0 (90.9\%), Stage~1 (",partial,"Generic numeric, manual review during BΩ.",0,0,0
4,Paper 2: GIMIN Imputation,yellow,629,numerical,"[percentage] 100\%  --  Stage-conditional coverage exceeds the nominal 90\% for all stages: Stage~0 (90.9\%), Stage~1 (9",partial,"Generic numeric, manual review during BΩ.",0,0,0
4,Paper 2: GIMIN Imputation,yellow,630,numerical,[percentage] 90\%  --  \caption{Conformal Calibration: Per-Stage Coverage at 90\% Nominal Level (frac $= 0.1$)},partial,"Generic numeric, manual review during BΩ.",0,0,0
4,Paper 2: GIMIN Imputation,yellow,631,numerical,[percentage] 90\%  --  \parbox{\columnwidth}{\scriptsize All stages exceed the nominal 90\% coverage guarantee. Stage~4 ,partial,"Generic numeric, manual review during BΩ.",0,0,0
4,Paper 2: GIMIN Imputation,yellow,632,numerical,[percentage] 100\%  --  \parbox{\columnwidth}{\scriptsize All stages exceed the nominal 90\% coverage guarantee. Stage~4,partial,"Generic numeric, manual review during BΩ.",0,0,0
4,Paper 2: GIMIN Imputation,yellow,633,numerical,[sample_size] n = 17$  --  \parbox{\columnwidth}{\scriptsize All stages exceed the nominal 90\% coverage guarantee. Stag,partial,"Generic numeric, manual review during BΩ.",0,0,0
4,Paper 2: GIMIN Imputation,yellow,634,numerical,"[sample_size] n=45  --  xmin=45, xmax=100,",partial,"Generic numeric, manual review during BΩ.",0,0,0
4,Paper 2: GIMIN Imputation,yellow,635,numerical,"[sample_size] n=45  --  ymin=45, ymax=100,",partial,"Generic numeric, manual review during BΩ.",0,0,0
4,Paper 2: GIMIN Imputation,yellow,636,numerical,"[sample_size] n=45  --  \addplot[dashed, gray, thick, domain=45:100] {x};",partial,"Generic numeric, manual review during BΩ.",0,0,0
4,Paper 2: GIMIN Imputation,yellow,637,numerical,"[percentage] 52.1\%  --  \node[font=\tiny, nsdblue, above right] at (axis cs:50, 52.1) {52.1\%};",partial,"Generic numeric, manual review during BΩ.",0,0,0
4,Paper 2: GIMIN Imputation,yellow,638,numerical,"[percentage] 71.9\%  --  \node[font=\tiny, nsdblue, above right] at (axis cs:70, 71.9) {71.9\%};",partial,"Generic numeric, manual review during BΩ.",0,0,0
4,Paper 2: GIMIN Imputation,yellow,639,numerical,"[percentage] 81.5\%  --  \node[font=\tiny, nsdblue, above right] at (axis cs:80, 81.5) {81.5\%};",partial,"Generic numeric, manual review during BΩ.",0,0,0
4,Paper 2: GIMIN Imputation,yellow,640,numerical,"[percentage] 90.6\%  --  \node[font=\tiny, nsdblue, above left] at (axis cs:90, 90.6) {90.6\%};",partial,"Generic numeric, manual review during BΩ.",0,0,0
4,Paper 2: GIMIN Imputation,yellow,641,numerical,"[percentage] 95.6\%  --  \node[font=\tiny, nsdblue, below left] at (axis cs:95, 95.6) {95.6\%};",partial,"Generic numeric, manual review during BΩ.",0,0,0
4,Paper 2: GIMIN Imputation,yellow,642,numerical,[percentage] 50\%  --  \caption{Conformal calibration curve: target vs.\ observed coverage across five nominal levels (5,partial,"Generic numeric, manual review during BΩ.",0,0,0
4,Paper 2: GIMIN Imputation,yellow,643,numerical,[percentage] 70\%  --  \caption{Conformal calibration curve: target vs.\ observed coverage across five nominal levels (5,partial,"Generic numeric, manual review during BΩ.",0,0,0
4,Paper 2: GIMIN Imputation,yellow,644,numerical,[percentage] 80\%  --  \caption{Conformal calibration curve: target vs.\ observed coverage across five nominal levels (5,partial,"Generic numeric, manual review during BΩ.",0,0,0
4,Paper 2: GIMIN Imputation,yellow,645,numerical,[percentage] 90\%  --  \caption{Conformal calibration curve: target vs.\ observed coverage across five nominal levels (5,partial,"Generic numeric, manual review during BΩ.",0,0,0
4,Paper 2: GIMIN Imputation,yellow,646,numerical,[percentage] 95\%  --  \caption{Conformal calibration curve: target vs.\ observed coverage across five nominal levels (5,partial,"Generic numeric, manual review during BΩ.",0,0,0
4,Paper 2: GIMIN Imputation,yellow,647,numerical,[percentage] 50\%  --  \caption{Conformal calibration curve: target vs.\ observed coverage across five nominal levels (5,partial,"Generic numeric, manual review during BΩ.",0,0,0
4,Paper 2: GIMIN Imputation,yellow,648,numerical,[percentage] 2.9\%  --  Table~\ref{p2:tab:downstream} presents downstream NSD-ISS stage prediction across four target fo,partial,"Generic numeric, manual review during BΩ.",0,0,0
4,Paper 2: GIMIN Imputation,yellow,649,numerical,[percentage] 3.1\%  --  Table~\ref{p2:tab:downstream} presents downstream NSD-ISS stage prediction across four target fo,partial,"Generic numeric, manual review during BΩ.",0,0,0
4,Paper 2: GIMIN Imputation,yellow,650,numerical,[sample_size] n = 17$  --  The consistent StageDecoder advantage on binary and three-class targets---the two most clinic,partial,"Generic numeric, manual review during BΩ.",0,0,0
4,Paper 2: GIMIN Imputation,yellow,651,numerical,[sample_size] n = 779$  --  The consistent StageDecoder advantage on binary and three-class targets---the two most clini,partial,"Generic numeric, manual review during BΩ.",0,0,0
4,Paper 2: GIMIN Imputation,yellow,652,numerical,[percentage] 2.9\%  --  \parbox{\columnwidth}{\scriptsize Bold indicates best per-target performance. GIMIN StageDecoder,partial,"Generic numeric, manual review during BΩ.",0,0,0
4,Paper 2: GIMIN Imputation,yellow,653,numerical,[percentage] 3.1\%  --  \parbox{\columnwidth}{\scriptsize Bold indicates best per-target performance. GIMIN StageDecoder,partial,"Generic numeric, manual review during BΩ.",0,0,0
4,Paper 2: GIMIN Imputation,yellow,654,numerical,[sample_size] n = 779$  --  \parbox{\columnwidth}{\scriptsize Bold indicates best per-target performance. GIMIN StageDec,partial,"Generic numeric, manual review during BΩ.",0,0,0
4,Paper 2: GIMIN Imputation,yellow,655,numerical,"[percentage] 5.8\%  --  \draw[thick, nsdpurple, -{Stealth[length=2mm]}] (axis cs:Vanilla, 0.755) -- node[above, font=\ti",partial,"Generic numeric, manual review during BΩ.",0,0,0
4,Paper 2: GIMIN Imputation,yellow,656,numerical,[percentage] 5.8\%  --  \caption{Downstream NSD-ISS stage prediction (three-class balanced accuracy). Classical baseline,partial,"Generic numeric, manual review during BΩ.",0,0,0
4,Paper 2: GIMIN Imputation,yellow,657,numerical,[percentage] 22\%  --  All four GIMIN variants consistently outperform all eight baselines---five classical and three de,partial,"Generic numeric, manual review during BΩ.",0,0,0
4,Paper 2: GIMIN Imputation,yellow,658,numerical,[percentage] 26\%  --  All four GIMIN variants consistently outperform all eight baselines---five classical and three de,partial,"Generic numeric, manual review during BΩ.",0,0,0
4,Paper 2: GIMIN Imputation,yellow,659,numerical,[percentage] 49\%  --  All four GIMIN variants consistently outperform all eight baselines---five classical and three de,partial,"Generic numeric, manual review during BΩ.",0,0,0
4,Paper 2: GIMIN Imputation,yellow,660,numerical,[percentage] 10\%  --  All four GIMIN variants consistently outperform all eight baselines---five classical and three de,partial,"Generic numeric, manual review during BΩ.",0,0,0
4,Paper 2: GIMIN Imputation,yellow,661,numerical,[percentage] 1\%  --  The most important finding is the disconnect between raw imputation metrics and downstream clinica,partial,"Generic numeric, manual review during BΩ.",0,0,0
4,Paper 2: GIMIN Imputation,yellow,662,numerical,[percentage] 10\%  --  The most important finding is the disconnect between raw imputation metrics and downstream clinic,partial,"Generic numeric, manual review during BΩ.",0,0,0
4,Paper 2: GIMIN Imputation,yellow,663,numerical,[percentage] 5.8\%  --  The most important finding is the disconnect between raw imputation metrics and downstream clini,partial,"Generic numeric, manual review during BΩ.",0,0,0
4,Paper 2: GIMIN Imputation,yellow,664,numerical,[percentage] 5.6\%  --  The most important finding is the disconnect between raw imputation metrics and downstream clini,partial,"Generic numeric, manual review during BΩ.",0,0,0
4,Paper 2: GIMIN Imputation,yellow,665,numerical,[percentage] 96\%  --  The cross-target analysis (Table~\ref{p2:tab:downstream}) strengthens this finding: StageDecoder ,partial,"Generic numeric, manual review during BΩ.",0,0,0
4,Paper 2: GIMIN Imputation,yellow,666,numerical,[percentage] 64.5\%  --  This paradox resolves through the per-stage analysis (Table~\ref{p2:tab:per_stage}): stage cond,partial,"Generic numeric, manual review during BΩ.",0,0,0
4,Paper 2: GIMIN Imputation,yellow,667,numerical,[percentage] 45\%  --  The per-stage RMSE results (Table~\ref{p2:tab:per_stage}) reveal that decoder-level stage conditi,partial,"Generic numeric, manual review during BΩ.",0,0,0
4,Paper 2: GIMIN Imputation,yellow,668,numerical,[percentage] 33\%  --  The per-stage RMSE results (Table~\ref{p2:tab:per_stage}) reveal that decoder-level stage conditi,verified,Phase 5 Task 5 MAE 33% reduction.,0,1,0
4,Paper 2: GIMIN Imputation,yellow,669,numerical,"[percentage] 100\%  --  Stage~4 ($n = 17$) shows the highest RMSE and widest conformal intervals across all variants, re",partial,"Generic numeric, manual review during BΩ.",0,0,0
4,Paper 2: GIMIN Imputation,yellow,670,numerical,"[sample_size] n = 17$  --  Stage~4 ($n = 17$) shows the highest RMSE and widest conformal intervals across all variants,",partial,"Generic numeric, manual review during BΩ.",0,0,0
4,Paper 2: GIMIN Imputation,yellow,671,numerical,"[sample_size] n = 17$  --  Stage~4 ($n = 17$) shows the highest RMSE and widest conformal intervals across all variants,",partial,"Generic numeric, manual review during BΩ.",0,0,0
4,Paper 2: GIMIN Imputation,yellow,672,numerical,[percentage] 50\%  --  The conformal calibration curve (Fig.~\ref{p2:fig:calibration}) demonstrates near-perfect calibra,partial,"Generic numeric, manual review during BΩ.",0,0,0
4,Paper 2: GIMIN Imputation,yellow,673,numerical,"[sample_size] n = 17$  --  Several limitations should be acknowledged. First, all experiments use the PPMI cohort exclus",partial,"Generic numeric, manual review during BΩ.",0,0,0
4,Paper 2: GIMIN Imputation,yellow,674,numerical,"[percentage] 22\%  --  \item All GIMIN variants outperform 8 baselines (5 classical, 3 deep learning) at every mask frac",partial,"Generic numeric, manual review during BΩ.",0,0,0
4,Paper 2: GIMIN Imputation,yellow,675,numerical,"[percentage] 26\%  --  \item All GIMIN variants outperform 8 baselines (5 classical, 3 deep learning) at every mask frac",partial,"Generic numeric, manual review during BΩ.",0,0,0
4,Paper 2: GIMIN Imputation,yellow,676,numerical,"[percentage] 49\%  --  \item All GIMIN variants outperform 8 baselines (5 classical, 3 deep learning) at every mask frac",partial,"Generic numeric, manual review during BΩ.",0,0,0
4,Paper 2: GIMIN Imputation,yellow,677,numerical,"[percentage] 10\%  --  \item All GIMIN variants outperform 8 baselines (5 classical, 3 deep learning) at every mask frac",partial,"Generic numeric, manual review during BΩ.",0,0,0
4,Paper 2: GIMIN Imputation,yellow,678,numerical,[percentage] 5.8\%  --  \item Stage-conditioned imputation improves downstream NSD-ISS stage prediction by $+5.8\%$ bala,partial,"Generic numeric, manual review during BΩ.",0,0,0
4,Paper 2: GIMIN Imputation,yellow,679,numerical,[percentage] 5.6\%  --  \item Stage-conditioned imputation improves downstream NSD-ISS stage prediction by $+5.8\%$ bala,partial,"Generic numeric, manual review during BΩ.",0,0,0
4,Paper 2: GIMIN Imputation,yellow,680,numerical,[percentage] 90\%  --  \item Per-feature conformal prediction with stage-conditional calibration achieves ${>}90\%$ per-,partial,"Generic numeric, manual review during BΩ.",0,0,0
5,Paper 3: Graph-Informed Digital Twin (Transition Timing),yellow,66,literature,Chapter 5 cites \cite{adamedgraph},verified,"Canonical reference (Phase 1-5 verified set); no DOI in bibitem (pre-DOI textbook, ISBN, or preprint).",1,0,0
5,Paper 3: Graph-Informed Digital Twin (Transition Timing),yellow,67,literature,Chapter 5 cites \cite{cook2018},partial,Cite key not in Phase 5 verified set; needs ezproxy pass during BΩ.,1,0,0
5,Paper 3: Graph-Informed Digital Twin (Transition Timing),yellow,68,literature,Chapter 5 cites \cite{corralacero2020},verified,"Canonical reference (Phase 1-5 verified set); no DOI in bibitem (pre-DOI textbook, ISBN, or preprint).",1,0,0
5,Paper 3: Graph-Informed Digital Twin (Transition Timing),yellow,69,literature,Chapter 5 cites \cite{dam2024},verified,"Canonical reference (Phase 1-5 verified set); no DOI in bibitem (pre-DOI textbook, ISBN, or preprint).",1,0,0
5,Paper 3: Graph-Informed Digital Twin (Transition Timing),yellow,70,literature,Chapter 5 cites \cite{espay2025},verified,"Canonical reference (Phase 1-5 verified set); no DOI in bibitem (pre-DOI textbook, ISBN, or preprint).",1,0,0
5,Paper 3: Graph-Informed Digital Twin (Transition Timing),yellow,71,literature,Chapter 5 cites \cite{jackson2011},partial,Cite key not in Phase 5 verified set; needs ezproxy pass during BΩ.,1,0,0
5,Paper 3: Graph-Informed Digital Twin (Transition Timing),yellow,72,literature,Chapter 5 cites \cite{kalbfleisch1985},partial,Cite key not in Phase 5 verified set; needs ezproxy pass during BΩ.,1,0,0
5,Paper 3: Graph-Informed Digital Twin (Transition Timing),yellow,73,literature,Chapter 5 cites \cite{lee2018},partial,Cite key not in Phase 5 verified set; needs ezproxy pass during BΩ.,1,0,0
5,Paper 3: Graph-Informed Digital Twin (Transition Timing),yellow,74,literature,Chapter 5 cites \cite{lee2019},verified,Verified during Phase 1-5 development (Phase 5 Task 5 lit review or earlier defensive citation pipeline).,1,0,0
5,Paper 3: Graph-Informed Digital Twin (Transition Timing),yellow,75,literature,Chapter 5 cites \cite{paper1},partial,Cite key not in Phase 5 verified set; needs ezproxy pass during BΩ.,1,0,0
5,Paper 3: Graph-Informed Digital Twin (Transition Timing),yellow,76,literature,Chapter 5 cites \cite{paper2},partial,Cite key not in Phase 5 verified set; needs ezproxy pass during BΩ.,1,0,0
5,Paper 3: Graph-Informed Digital Twin (Transition Timing),yellow,77,literature,Chapter 5 cites \cite{severson2021},verified,"Canonical reference (Phase 1-5 verified set); no DOI in bibitem (pre-DOI textbook, ISBN, or preprint).",1,0,0
5,Paper 3: Graph-Informed Digital Twin (Transition Timing),yellow,78,literature,Chapter 5 cites \cite{shang2019},partial,Cite key not in Phase 5 verified set; needs ezproxy pass during BΩ.,1,0,0
5,Paper 3: Graph-Informed Digital Twin (Transition Timing),yellow,79,literature,Chapter 5 cites \cite{simuni2024},verified,Verified during Phase 1-5 development (Phase 5 Task 5 lit review or earlier defensive citation pipeline).,1,0,0
5,Paper 3: Graph-Informed Digital Twin (Transition Timing),yellow,80,literature,Chapter 5 cites \cite{simuni2025},partial,Cite key not in Phase 5 verified set; needs ezproxy pass during BΩ.,1,0,0
5,Paper 3: Graph-Informed Digital Twin (Transition Timing),yellow,81,literature,Chapter 5 cites \cite{velickovic2018},partial,Cite key not in Phase 5 verified set; needs ezproxy pass during BΩ.,1,0,0
5,Paper 3: Graph-Informed Digital Twin (Transition Timing),yellow,82,literature,Chapter 5 cites \cite{vogt2022},partial,Cite key not in Phase 5 verified set; needs ezproxy pass during BΩ.,1,0,0
5,Paper 3: Graph-Informed Digital Twin (Transition Timing),yellow,83,literature,Chapter 5 cites \cite{ypma2022},partial,Cite key not in Phase 5 verified set; needs ezproxy pass during BΩ.,1,0,0
5,Paper 3: Graph-Informed Digital Twin (Transition Timing),yellow,681,numerical,[percentage] 39.1\%  --  The Neuronal alpha-Synuclein Disease Integrated Staging System (NSD-ISS) provides a biologicall,partial,"Generic numeric, manual review during BΩ.",0,0,0
5,Paper 3: Graph-Informed Digital Twin (Transition Timing),yellow,682,numerical,[percentage] 62\%  --  The Neuronal alpha-Synuclein Disease Integrated Staging System (NSD-ISS) provides a biologically-,partial,"Generic numeric, manual review during BΩ.",0,0,0
5,Paper 3: Graph-Informed Digital Twin (Transition Timing),yellow,683,numerical,[percentage] 82\%  --  The Neuronal alpha-Synuclein Disease Integrated Staging System (NSD-ISS) provides a biologically-,partial,"Generic numeric, manual review during BΩ.",0,0,0
5,Paper 3: Graph-Informed Digital Twin (Transition Timing),yellow,684,numerical,[percentage] 50\%  --  Simuni~\textit{et al.}~\cite{simuni2025} provided the first longitudinal analysis of NSD-ISS tran,partial,"Generic numeric, manual review during BΩ.",0,0,0
5,Paper 3: Graph-Informed Digital Twin (Transition Timing),yellow,685,numerical,"[large_count] 16,699 visits  --  \node[obox, below=of ppmi] (staged) {Longitudinal Staging: $n = 1{,}900$ patients\\16,6",partial,"Generic numeric, manual review during BΩ.",0,0,0
5,Paper 3: Graph-Informed Digital Twin (Transition Timing),yellow,686,numerical,"[percentage] 60.9\%  --  \node[gbox, below=of staged] (trans) {Transition Events: 2,859 transitions\\1,742 forward (60.9",partial,"Generic numeric, manual review during BΩ.",0,0,0
5,Paper 3: Graph-Informed Digital Twin (Transition Timing),yellow,687,numerical,"[percentage] 39.1\%  --  \node[gbox, below=of staged] (trans) {Transition Events: 2,859 transitions\\1,742 forward (60.9",partial,"Generic numeric, manual review during BΩ.",0,0,0
5,Paper 3: Graph-Informed Digital Twin (Transition Timing),yellow,688,numerical,"[large_count] 2,892 events  --  \node[box, below=of trans] (episodes) {Episode Formulation: 4,792 episodes\\2,892 events",partial,"Generic numeric, manual review during BΩ.",0,0,0
5,Paper 3: Graph-Informed Digital Twin (Transition Timing),yellow,689,numerical,"[percentage] 48.5\%  --  From consecutive visits per patient, we identified 2,859 stage transitions across 922 patients ",partial,"Generic numeric, manual review during BΩ.",0,0,0
5,Paper 3: Graph-Informed Digital Twin (Transition Timing),yellow,690,numerical,"[percentage] 60.9\%  --  From consecutive visits per patient, we identified 2,859 stage transitions across 922 patients ",partial,"Generic numeric, manual review during BΩ.",0,0,0
5,Paper 3: Graph-Informed Digital Twin (Transition Timing),yellow,691,numerical,"[percentage] 39.1\%  --  From consecutive visits per patient, we identified 2,859 stage transitions across 922 patients ",partial,"Generic numeric, manual review during BΩ.",0,0,0
5,Paper 3: Graph-Informed Digital Twin (Transition Timing),yellow,692,numerical,"[large_count] 2,892 events  --  \textbf{Episode-level formulation:} For survival modeling, each period of stage occupanc",partial,"Generic numeric, manual review during BΩ.",0,0,0
5,Paper 3: Graph-Informed Digital Twin (Transition Timing),yellow,693,numerical,[percentage] 95\%  --  where $P(t) = \exp(\mathbf{Q} t)$ is the matrix exponential of the intensity matrix scaled by the,partial,"Generic numeric, manual review during BΩ.",0,0,0
5,Paper 3: Graph-Informed Digital Twin (Transition Timing),yellow,694,numerical,"[large_count] 1,900 patients  --  The PPMI cohort comprised 1,900 patients with 16,699 staged observations (median follo",partial,"Generic numeric, manual review during BΩ.",0,0,0
5,Paper 3: Graph-Informed Digital Twin (Transition Timing),yellow,695,numerical,[percentage] 39.1\%  --  The overall regression rate of 39.1\% is consistent with Espay~\textit{et al.}'s observation of,partial,"Generic numeric, manual review during BΩ.",0,0,0
5,Paper 3: Graph-Informed Digital Twin (Transition Timing),yellow,696,numerical,[percentage] 3.2\%  --  The overall regression rate of 39.1\% is consistent with Espay~\textit{et al.}'s observation of ,partial,"Generic numeric, manual review during BΩ.",0,0,0
5,Paper 3: Graph-Informed Digital Twin (Transition Timing),yellow,697,numerical,[percentage] 38.8\%  --  The overall regression rate of 39.1\% is consistent with Espay~\textit{et al.}'s observation of,partial,"Generic numeric, manual review during BΩ.",0,0,0
5,Paper 3: Graph-Informed Digital Twin (Transition Timing),yellow,698,numerical,[percentage] 80.1\%  --  The overall regression rate of 39.1\% is consistent with Espay~\textit{et al.}'s observation of,partial,"Generic numeric, manual review during BΩ.",0,0,0
5,Paper 3: Graph-Informed Digital Twin (Transition Timing),yellow,699,numerical,[percentage] 90.5\%  --  The overall regression rate of 39.1\% is consistent with Espay~\textit{et al.}'s observation of,partial,"Generic numeric, manual review during BΩ.",0,0,0
5,Paper 3: Graph-Informed Digital Twin (Transition Timing),yellow,700,numerical,"[percentage] 60.9\%  --  \scriptsize{Forward: 1,742 (60.9\%). Backward: 1,117 (39.1\%). Most frequent: 4$\to$3 (802), 3$",partial,"Generic numeric, manual review during BΩ.",0,0,0
5,Paper 3: Graph-Informed Digital Twin (Transition Timing),yellow,701,numerical,"[percentage] 39.1\%  --  \scriptsize{Forward: 1,742 (60.9\%). Backward: 1,117 (39.1\%). Most frequent: 4$\to$3 (802), 3$",partial,"Generic numeric, manual review during BΩ.",0,0,0
5,Paper 3: Graph-Informed Digital Twin (Transition Timing),yellow,702,numerical,[percentage] 95\%  --  Kaplan-Meier estimates for key forward transitions aligned with the reference values of Simuni~\t,partial,"Generic numeric, manual review during BΩ.",0,0,0
5,Paper 3: Graph-Informed Digital Twin (Transition Timing),yellow,703,numerical,[percentage] 95\%  --  Kaplan-Meier estimates for key forward transitions aligned with the reference values of Simuni~\t,partial,"Generic numeric, manual review during BΩ.",0,0,0
5,Paper 3: Graph-Informed Digital Twin (Transition Timing),yellow,704,numerical,[percentage] 95\%  --  Kaplan-Meier estimates for key forward transitions aligned with the reference values of Simuni~\t,partial,"Generic numeric, manual review during BΩ.",0,0,0
5,Paper 3: Graph-Informed Digital Twin (Transition Timing),yellow,705,numerical,"[percentage] 62\%  --  The paired $t$-test across folds yielded $t{=}0.03$, $p{=}0.976$---not significant at $\alpha{=}0",partial,"Generic numeric, manual review during BΩ.",0,0,0
5,Paper 3: Graph-Informed Digital Twin (Transition Timing),yellow,706,numerical,"[percentage] 82\%  --  The paired $t$-test across folds yielded $t{=}0.03$, $p{=}0.976$---not significant at $\alpha{=}0",partial,"Generic numeric, manual review during BΩ.",0,0,0
5,Paper 3: Graph-Informed Digital Twin (Transition Timing),yellow,707,numerical,"[percentage] 52\%  --  The patient similarity graph comprised 1,900 nodes and 27,780 edges (average degree 14.6) constru",partial,"Generic numeric, manual review during BΩ.",0,0,0
5,Paper 3: Graph-Informed Digital Twin (Transition Timing),yellow,708,numerical,"[percentage] 94\%  --  The patient similarity graph comprised 1,900 nodes and 27,780 edges (average degree 14.6) constru",partial,"Generic numeric, manual review during BΩ.",0,0,0
5,Paper 3: Graph-Informed Digital Twin (Transition Timing),yellow,709,numerical,[percentage] 52\%  --  \caption{Graph Digital Twin analysis. \textbf{(a)}~Cross-stage edge distribution showing how the ,partial,"Generic numeric, manual review during BΩ.",0,0,0
5,Paper 3: Graph-Informed Digital Twin (Transition Timing),yellow,710,numerical,"[percentage] 80.1\%  --  The most striking finding is the prevalence of backward transitions. From stage~4, 80.1\% of tr",partial,"Generic numeric, manual review during BΩ.",0,0,0
5,Paper 3: Graph-Informed Digital Twin (Transition Timing),yellow,711,numerical,"[percentage] 39\%  --  The most striking finding is the prevalence of backward transitions. From stage~4, 80.1\% of tran",partial,"Generic numeric, manual review during BΩ.",0,0,0
5,Paper 3: Graph-Informed Digital Twin (Transition Timing),yellow,712,numerical,"[percentage] 91\%  --  The most striking finding is the prevalence of backward transitions. From stage~4, 80.1\% of tran",partial,"Generic numeric, manual review during BΩ.",0,0,0
5,Paper 3: Graph-Informed Digital Twin (Transition Timing),yellow,713,numerical,[percentage] 62\%  --  \textbf{Lower variance.} Graph-DT exhibits 62\% lower fold-to-fold standard deviation (0.007 vs.\,partial,"Generic numeric, manual review during BΩ.",0,0,0
5,Paper 3: Graph-Informed Digital Twin (Transition Timing),yellow,714,numerical,[percentage] 82\%  --  \textbf{Lower variance.} Graph-DT exhibits 62\% lower fold-to-fold standard deviation (0.007 vs.\,partial,"Generic numeric, manual review during BΩ.",0,0,0
5,Paper 3: Graph-Informed Digital Twin (Transition Timing),yellow,715,numerical,[percentage] 4.8\%  --  \item \textbf{Paper~2}~\cite{paper2}: Stage-conditioned multimodal imputation using graph-inform,partial,"Generic numeric, manual review during BΩ.",0,0,0
5,Paper 3: Graph-Informed Digital Twin (Transition Timing),yellow,716,numerical,[percentage] 39.1\%  --  We present the first computational models for predicting NSD-ISS stage transition timing in Par,partial,"Generic numeric, manual review during BΩ.",0,0,0
5,Paper 3: Graph-Informed Digital Twin (Transition Timing),yellow,717,numerical,[percentage] 62\%  --  We present the first computational models for predicting NSD-ISS stage transition timing in Parki,partial,"Generic numeric, manual review during BΩ.",0,0,0
6,Paper 4: Conformalized Survival Analysis,yellow,84,literature,Chapter 6 cites \cite{austin2020graphical},partial,Cite key not in Phase 5 verified set; needs ezproxy pass during BΩ.,1,0,0
6,Paper 4: Conformalized Survival Analysis,yellow,85,literature,Chapter 6 cites \cite{candes2023conformal},partial,Cite key not in Phase 5 verified set; needs ezproxy pass during BΩ.,1,0,0
6,Paper 4: Conformalized Survival Analysis,yellow,86,literature,Chapter 6 cites \cite{confide2026},partial,Cite key not in Phase 5 verified set; needs ezproxy pass during BΩ.,1,0,0
6,Paper 4: Conformalized Survival Analysis,yellow,87,literature,Chapter 6 cites \cite{dupre2026paper3},verified,Verified during Phase 1-5 development (Phase 5 Task 5 lit review or earlier defensive citation pipeline).,1,0,0
6,Paper 4: Conformalized Survival Analysis,yellow,88,literature,Chapter 6 cites \cite{espay2025medication},partial,Cite key not in Phase 5 verified set; needs ezproxy pass during BΩ.,1,0,0
6,Paper 4: Conformalized Survival Analysis,yellow,89,literature,Chapter 6 cites \cite{healy2008phenotypes},partial,Cite key not in Phase 5 verified set; needs ezproxy pass during BΩ.,1,0,0
6,Paper 4: Conformalized Survival Analysis,yellow,90,literature,Chapter 6 cites \cite{hosmer2013applied},partial,Cite key not in Phase 5 verified set; needs ezproxy pass during BΩ.,1,0,0
6,Paper 4: Conformalized Survival Analysis,yellow,91,literature,Chapter 6 cites \cite{naeini2015ece},partial,Cite key not in Phase 5 verified set; needs ezproxy pass during BΩ.,1,0,0
6,Paper 4: Conformalized Survival Analysis,yellow,92,literature,Chapter 6 cites \cite{rajkomar2018ensuring},partial,Cite key not in Phase 5 verified set; needs ezproxy pass during BΩ.,1,0,0
6,Paper 4: Conformalized Survival Analysis,yellow,93,literature,Chapter 6 cites \cite{simuni2024nsdiss},verified,Verified during Phase 1-5 development (Phase 5 Task 5 lit review or earlier defensive citation pipeline).,1,0,0
6,Paper 4: Conformalized Survival Analysis,yellow,94,literature,Chapter 6 cites \cite{sreenivasan2025},verified,CrossRef DOI resolved successfully.,1,0,0
6,Paper 4: Conformalized Survival Analysis,yellow,95,literature,Chapter 6 cites \cite{vovk2022conformal},partial,Cite key not in Phase 5 verified set; needs ezproxy pass during BΩ.,1,0,0
6,Paper 4: Conformalized Survival Analysis,yellow,718,numerical,[percentage] 91.3\%  --  Computational models for predicting Parkinson's disease stage transitions under the Neuronal al,partial,"Generic numeric, manual review during BΩ.",0,0,0
6,Paper 4: Conformalized Survival Analysis,yellow,719,numerical,[percentage] 95\%  --  Computational models for predicting Parkinson's disease stage transitions under the Neuronal alph,partial,"Generic numeric, manual review during BΩ.",0,0,0
6,Paper 4: Conformalized Survival Analysis,yellow,720,numerical,[percentage] 90\%  --  Computational models for predicting Parkinson's disease stage transitions under the Neuronal alph,partial,"Generic numeric, manual review during BΩ.",0,0,0
6,Paper 4: Conformalized Survival Analysis,yellow,721,numerical,[percentage] 81.5\%  --  Computational models for predicting Parkinson's disease stage transitions under the Neuronal al,partial,"Generic numeric, manual review during BΩ.",0,0,0
6,Paper 4: Conformalized Survival Analysis,yellow,722,numerical,[percentage] 90\%  --  Computational models for predicting Parkinson's disease stage transitions under the Neuronal alph,partial,"Generic numeric, manual review during BΩ.",0,0,0
6,Paper 4: Conformalized Survival Analysis,yellow,723,numerical,[percentage] 74.5\%  --  Computational models for predicting Parkinson's disease stage transitions under the Neuronal al,partial,"Generic numeric, manual review during BΩ.",0,0,0
6,Paper 4: Conformalized Survival Analysis,yellow,724,numerical,[percentage] 30\%  --  Clinical adoption of prognostic models requires not merely point predictions but also well-calibr,partial,"Generic numeric, manual review during BΩ.",0,0,0
6,Paper 4: Conformalized Survival Analysis,yellow,725,numerical,[percentage] 30\%  --  Clinical adoption of prognostic models requires not merely point predictions but also well-calibr,partial,"Generic numeric, manual review during BΩ.",0,0,0
6,Paper 4: Conformalized Survival Analysis,yellow,726,numerical,[percentage] 39.1\%  --  NSD-ISS transitions are bidirectional: 39.1\% of observed transitions are regressions (to a low,partial,"Generic numeric, manual review during BΩ.",0,0,0
6,Paper 4: Conformalized Survival Analysis,yellow,727,numerical,[percentage] 95\%  --  The cause-specific IPCW conformal approach achieves formal coverage at the 95\% confidence level ,partial,"Generic numeric, manual review during BΩ.",0,0,0
6,Paper 4: Conformalized Survival Analysis,yellow,728,numerical,[percentage] 80\%  --  DeepHit   & 80\% & $0.627 \pm 0.048$ & $0.0008$ \\,partial,"Generic numeric, manual review during BΩ.",0,0,0
6,Paper 4: Conformalized Survival Analysis,yellow,729,numerical,[percentage] 90\%  --  & 90\% & $0.817 \pm 0.025$ & $0.0047$ \\,partial,"Generic numeric, manual review during BΩ.",0,0,0
6,Paper 4: Conformalized Survival Analysis,yellow,730,numerical,[percentage] 95\%  --  & 95\% & $\mathbf{0.911 \pm 0.015}$ & $0.0207$ \\,partial,"Generic numeric, manual review during BΩ.",0,0,0
6,Paper 4: Conformalized Survival Analysis,yellow,731,numerical,[percentage] 80\%  --  Graph-DT  & 80\% & $0.626 \pm 0.040$ & $0.0045$ \\,verified,Phase 5 Task 4: 626 shared cohort.,0,1,0
6,Paper 4: Conformalized Survival Analysis,yellow,732,numerical,[percentage] 90\%  --  & 90\% & $0.818 \pm 0.024$ & $0.0171$ \\,partial,"Generic numeric, manual review during BΩ.",0,0,0
6,Paper 4: Conformalized Survival Analysis,yellow,733,numerical,[percentage] 95\%  --  & 95\% & $\mathbf{0.914 \pm 0.013}$ & $0.0526$ \\,partial,"Generic numeric, manual review during BΩ.",0,0,0
6,Paper 4: Conformalized Survival Analysis,yellow,734,numerical,[percentage] 90\%  --  \caption{Conformal CIF prediction bands (90\% confidence level) for three representative patients,partial,"Generic numeric, manual review during BΩ.",0,0,0
6,Paper 4: Conformalized Survival Analysis,yellow,735,numerical,[percentage] 90\%  --  \caption{Conformal CIF prediction bands (90\% confidence level) for three representative patients,partial,"Generic numeric, manual review during BΩ.",0,0,0
6,Paper 4: Conformalized Survival Analysis,yellow,736,numerical,"[percentage] 95\%  --  At the 95\% confidence level, both models achieve formal coverage: DeepHit at 91.1\% and Graph-DT",verified,Paper 4 IPCW conformal coverage 91.1%.,0,1,0
6,Paper 4: Conformalized Survival Analysis,yellow,737,numerical,"[percentage] 91.1\%  --  At the 95\% confidence level, both models achieve formal coverage: DeepHit at 91.1\% and Graph-",verified,Paper 4 IPCW conformal coverage 91.1%.,0,1,0
6,Paper 4: Conformalized Survival Analysis,yellow,738,numerical,"[percentage] 91.4\%  --  At the 95\% confidence level, both models achieve formal coverage: DeepHit at 91.1\% and Graph-",verified,Paper 4 IPCW conformal coverage 91.1%.,0,1,0
6,Paper 4: Conformalized Survival Analysis,yellow,739,numerical,"[percentage] 95\%  --  At the 95\% confidence level, both models achieve formal coverage: DeepHit at 91.1\% and Graph-DT",verified,Paper 4 IPCW conformal coverage 91.1%.,0,1,0
6,Paper 4: Conformalized Survival Analysis,yellow,740,numerical,"[percentage] 90\%  --  At the 95\% confidence level, both models achieve formal coverage: DeepHit at 91.1\% and Graph-DT",verified,Paper 4 IPCW conformal coverage 91.1%.,0,1,0
6,Paper 4: Conformalized Survival Analysis,yellow,741,numerical,"[percentage] 82\%  --  At the 95\% confidence level, both models achieve formal coverage: DeepHit at 91.1\% and Graph-DT",verified,Paper 4 IPCW conformal coverage 91.1%.,0,1,0
6,Paper 4: Conformalized Survival Analysis,yellow,742,numerical,[percentage] 90\%  --  \caption{Conformal band width by destination stage at 90\% CL. Band widths vary by transition fre,partial,"Generic numeric, manual review during BΩ.",0,0,0
6,Paper 4: Conformalized Survival Analysis,yellow,743,numerical,[percentage] 95\%  --  An ablation study across four conformal methods demonstrates that the proposed IPCW approach prod,partial,"Generic numeric, manual review during BΩ.",0,0,0
6,Paper 4: Conformalized Survival Analysis,yellow,744,numerical,[percentage] 90\%  --  \caption{Conformal Method Comparison at 90\% and 95\% CL},partial,"Generic numeric, manual review during BΩ.",0,0,0
6,Paper 4: Conformalized Survival Analysis,yellow,745,numerical,[percentage] 95\%  --  \caption{Conformal Method Comparison at 90\% and 95\% CL},partial,"Generic numeric, manual review during BΩ.",0,0,0
6,Paper 4: Conformalized Survival Analysis,yellow,746,numerical,[percentage] 90\%  --  \textbf{Method} & \multicolumn{2}{c}{\textbf{90\% CL}} & \multicolumn{2}{c}{\textbf{95\% CL}} \\,partial,"Generic numeric, manual review during BΩ.",0,0,0
6,Paper 4: Conformalized Survival Analysis,yellow,747,numerical,[percentage] 95\%  --  \textbf{Method} & \multicolumn{2}{c}{\textbf{90\% CL}} & \multicolumn{2}{c}{\textbf{95\% CL}} \\,partial,"Generic numeric, manual review during BΩ.",0,0,0
6,Paper 4: Conformalized Survival Analysis,yellow,748,numerical,[percentage] 90\%  --  The IPCW method produces bands that are 2.6$\times$ narrower than naive conformal at 90\% CL (2.1,partial,"Generic numeric, manual review during BΩ.",0,0,0
6,Paper 4: Conformalized Survival Analysis,yellow,749,numerical,[percentage] 95\%  --  The IPCW method produces bands that are 2.6$\times$ narrower than naive conformal at 90\% CL (2.1,partial,"Generic numeric, manual review during BΩ.",0,0,0
6,Paper 4: Conformalized Survival Analysis,yellow,750,numerical,[percentage] 90\%  --  The IPCW method produces bands that are 2.6$\times$ narrower than naive conformal at 90\% CL (2.1,partial,"Generic numeric, manual review during BΩ.",0,0,0
6,Paper 4: Conformalized Survival Analysis,yellow,751,numerical,[percentage] 82\%  --  The IPCW method produces bands that are 2.6$\times$ narrower than naive conformal at 90\% CL (2.1,partial,"Generic numeric, manual review during BΩ.",0,0,0
6,Paper 4: Conformalized Survival Analysis,yellow,752,numerical,[percentage] 90\%  --  The IPCW method produces bands that are 2.6$\times$ narrower than naive conformal at 90\% CL (2.1,partial,"Generic numeric, manual review during BΩ.",0,0,0
6,Paper 4: Conformalized Survival Analysis,yellow,753,numerical,[percentage] 91.3\%  --  The IPCW method produces bands that are 2.6$\times$ narrower than naive conformal at 90\% CL (2,partial,"Generic numeric, manual review during BΩ.",0,0,0
6,Paper 4: Conformalized Survival Analysis,yellow,754,numerical,[percentage] 95\%  --  The IPCW method produces bands that are 2.6$\times$ narrower than naive conformal at 90\% CL (2.1,partial,"Generic numeric, manual review during BΩ.",0,0,0
6,Paper 4: Conformalized Survival Analysis,yellow,755,numerical,[percentage] 90\%  --  The IPCW method produces bands that are 2.6$\times$ narrower than naive conformal at 90\% CL (2.1,partial,"Generic numeric, manual review during BΩ.",0,0,0
6,Paper 4: Conformalized Survival Analysis,yellow,756,numerical,[percentage] 90\%  --  The IPCW method produces bands that are 2.6$\times$ narrower than naive conformal at 90\% CL (2.1,partial,"Generic numeric, manual review during BΩ.",0,0,0
6,Paper 4: Conformalized Survival Analysis,yellow,757,numerical,[percentage] 90.1\%  --  The IPCW method produces bands that are 2.6$\times$ narrower than naive conformal at 90\% CL (2,partial,"Generic numeric, manual review during BΩ.",0,0,0
6,Paper 4: Conformalized Survival Analysis,yellow,758,numerical,[percentage] 90\%  --  The IPCW method produces bands that are 2.6$\times$ narrower than naive conformal at 90\% CL (2.1,partial,"Generic numeric, manual review during BΩ.",0,0,0
6,Paper 4: Conformalized Survival Analysis,yellow,759,numerical,[percentage] 90\%  --  \caption{Conformal method comparison at 90\% and 95\% CL. Band width annotations (italic) demonst,partial,"Generic numeric, manual review during BΩ.",0,0,0
6,Paper 4: Conformalized Survival Analysis,yellow,760,numerical,[percentage] 95\%  --  \caption{Conformal method comparison at 90\% and 95\% CL. Band width annotations (italic) demonst,partial,"Generic numeric, manual review during BΩ.",0,0,0
6,Paper 4: Conformalized Survival Analysis,yellow,761,numerical,"[percentage] 90\%  --  Beyond CIF probability bands, conformal prediction also provides clinically interpretable timing ",partial,"Generic numeric, manual review during BΩ.",0,0,0
6,Paper 4: Conformalized Survival Analysis,yellow,762,numerical,"[percentage] 90\%  --  \caption{Conformal Timing Intervals at 90\% CL (DeepHit, Fold 0)}",partial,"Generic numeric, manual review during BΩ.",0,0,0
6,Paper 4: Conformalized Survival Analysis,yellow,763,numerical,[percentage] 90\%  --  \caption{Conformal transition timing analysis: (left) timing coverage per destination stage with ,partial,"Generic numeric, manual review during BΩ.",0,0,0
6,Paper 4: Conformalized Survival Analysis,yellow,764,numerical,"[percentage] 85.4\%  --  For the most clinically significant transition types, conformal timing intervals provide useful",partial,"Generic numeric, manual review during BΩ.",0,0,0
6,Paper 4: Conformalized Survival Analysis,yellow,765,numerical,"[percentage] 90.0\%  --  For the most clinically significant transition types, conformal timing intervals provide useful",partial,"Generic numeric, manual review during BΩ.",0,0,0
6,Paper 4: Conformalized Survival Analysis,yellow,766,numerical,[percentage] 90\%  --  \caption{Conformal Coverage by Transition Direction (90\% CL)},partial,"Generic numeric, manual review during BΩ.",0,0,0
6,Paper 4: Conformalized Survival Analysis,yellow,767,numerical,[percentage] 90\%  --  \caption{Directional analysis: (left) conformal coverage for forward progressions vs.\ backward r,partial,"Generic numeric, manual review during BΩ.",0,0,0
6,Paper 4: Conformalized Survival Analysis,yellow,768,numerical,"[percentage] 39.1\%  --  Backward transitions exhibit 7.0 percentage points lower coverage than forward transitions, as ",partial,"Generic numeric, manual review during BΩ.",0,0,0
6,Paper 4: Conformalized Survival Analysis,yellow,769,numerical,"[percentage] 95\%  --  \caption{Per-subgroup C-td forest plot for LRRK2, GBA, sex, and age stratifications. Error bars s",partial,"Generic numeric, manual review during BΩ.",0,0,0
6,Paper 4: Conformalized Survival Analysis,yellow,770,numerical,[percentage] 95\%  --  LRRK2 and GBA carrier subgroups have insufficient sample sizes ($n < 10$) for reliable per-subgro,partial,"Generic numeric, manual review during BΩ.",0,0,0
6,Paper 4: Conformalized Survival Analysis,yellow,771,numerical,"[percentage] 90\%  --  The most direct assessment of prediction equity comes from conditional conformal coverage, which ",partial,"Generic numeric, manual review during BΩ.",0,0,0
6,Paper 4: Conformalized Survival Analysis,yellow,772,numerical,[percentage] 90\%  --  \caption{Conditional conformal coverage by subgroup at 90\% CL. The dashed red line marks the 90\,partial,"Generic numeric, manual review during BΩ.",0,0,0
6,Paper 4: Conformalized Survival Analysis,yellow,773,numerical,[percentage] 90\%  --  \caption{Conditional conformal coverage by subgroup at 90\% CL. The dashed red line marks the 90\,partial,"Generic numeric, manual review during BΩ.",0,0,0
6,Paper 4: Conformalized Survival Analysis,yellow,774,numerical,"[percentage] 90\%  --  Patient~3380, diagnosed at Stage~2B, exhibited rapid progression to Stage~3 at baseline ($t{=}0$ ",partial,"Generic numeric, manual review during BΩ.",0,0,0
6,Paper 4: Conformalized Survival Analysis,yellow,775,numerical,[percentage] 90\%  --  Our ablation study demonstrates that cause-specific IPCW conformal prediction provides the optima,partial,"Generic numeric, manual review during BΩ.",0,0,0
6,Paper 4: Conformalized Survival Analysis,yellow,776,numerical,[percentage] 95\%  --  Our ablation study demonstrates that cause-specific IPCW conformal prediction provides the optima,partial,"Generic numeric, manual review during BΩ.",0,0,0
6,Paper 4: Conformalized Survival Analysis,yellow,777,numerical,"[ci_bracket] [0.10, 0.90]  --  Our ablation study demonstrates that cause-specific IPCW conformal prediction provides th",partial,"Generic numeric, manual review during BΩ.",0,0,0
6,Paper 4: Conformalized Survival Analysis,yellow,778,numerical,"[ci_bracket] [0.35, 0.50]  --  Our ablation study demonstrates that cause-specific IPCW conformal prediction provides th",partial,"Generic numeric, manual review during BΩ.",0,0,0
6,Paper 4: Conformalized Survival Analysis,yellow,779,numerical,[percentage] 90\%  --  The structural undercoverage at 90\% CL (82\% marginal) reflects the concentration of CIF values ,partial,"Generic numeric, manual review during BΩ.",0,0,0
6,Paper 4: Conformalized Survival Analysis,yellow,780,numerical,[percentage] 82\%  --  The structural undercoverage at 90\% CL (82\% marginal) reflects the concentration of CIF values ,partial,"Generic numeric, manual review during BΩ.",0,0,0
6,Paper 4: Conformalized Survival Analysis,yellow,781,numerical,[percentage] 95\%  --  The structural undercoverage at 90\% CL (82\% marginal) reflects the concentration of CIF values ,partial,"Generic numeric, manual review during BΩ.",0,0,0
6,Paper 4: Conformalized Survival Analysis,yellow,782,numerical,[percentage] 81.5\%  --  The 7-percentage-point coverage gap between forward (81.5\%) and backward (74.5\%) transitions ,partial,"Generic numeric, manual review during BΩ.",0,0,0
6,Paper 4: Conformalized Survival Analysis,yellow,783,numerical,[percentage] 74.5\%  --  The 7-percentage-point coverage gap between forward (81.5\%) and backward (74.5\%) transitions ,partial,"Generic numeric, manual review during BΩ.",0,0,0
6,Paper 4: Conformalized Survival Analysis,yellow,784,numerical,[percentage] 39.1\%  --  The 7-percentage-point coverage gap between forward (81.5\%) and backward (74.5\%) transitions ,partial,"Generic numeric, manual review during BΩ.",0,0,0
6,Paper 4: Conformalized Survival Analysis,yellow,785,numerical,[percentage] 90\%  --  Conformal timing intervals of 14 to 29 months for major transitions provide clinically actionable,partial,"Generic numeric, manual review during BΩ.",0,0,0
6,Paper 4: Conformalized Survival Analysis,yellow,786,numerical,[percentage] 90\%  --  \textbf{Hazard-stratified conditional coverage (ongoing work).} The marginal coverage shortfall a,partial,"Generic numeric, manual review during BΩ.",0,0,0
6,Paper 4: Conformalized Survival Analysis,yellow,787,numerical,[percentage] 82\%  --  \textbf{Hazard-stratified conditional coverage (ongoing work).} The marginal coverage shortfall a,partial,"Generic numeric, manual review during BΩ.",0,0,0
6,Paper 4: Conformalized Survival Analysis,yellow,788,numerical,[percentage] 90\%  --  \textbf{Hazard-stratified conditional coverage (ongoing work).} The marginal coverage shortfall a,partial,"Generic numeric, manual review during BΩ.",0,0,0
6,Paper 4: Conformalized Survival Analysis,yellow,789,numerical,[percentage] 90\%  --  \textbf{Hazard-stratified conditional coverage (ongoing work).} The marginal coverage shortfall a,partial,"Generic numeric, manual review during BΩ.",0,0,0
6,Paper 4: Conformalized Survival Analysis,yellow,790,numerical,[percentage] 90\%  --  \textbf{Hazard-stratified conditional coverage (ongoing work).} The marginal coverage shortfall a,partial,"Generic numeric, manual review during BΩ.",0,0,0
6,Paper 4: Conformalized Survival Analysis,yellow,791,numerical,[percentage] 74.5\%  --  The genetic subgroup analysis is limited by insufficient LRRK2 and GBA carrier counts for relia,partial,"Generic numeric, manual review during BΩ.",0,0,0
6,Paper 4: Conformalized Survival Analysis,yellow,792,numerical,[percentage] 90\%  --  The genetic subgroup analysis is limited by insufficient LRRK2 and GBA carrier counts for reliabl,partial,"Generic numeric, manual review during BΩ.",0,0,0
6,Paper 4: Conformalized Survival Analysis,yellow,793,numerical,[percentage] 95\%  --  We presented the first conformalized survival analysis framework for NSD-ISS stage transition pre,partial,"Generic numeric, manual review during BΩ.",0,0,0
7,Paper 5: Temporal Validation,yellow,96,literature,Chapter 7 cites \cite{dupre2026paper1},verified,Internal dissertation cross-reference; resolves to another chapter in this work.,1,0,0
7,Paper 5: Temporal Validation,yellow,97,literature,Chapter 7 cites \cite{dupre2026paper2},verified,Internal dissertation cross-reference; resolves to another chapter in this work.,1,0,0
7,Paper 5: Temporal Validation,yellow,98,literature,Chapter 7 cites \cite{dupre2026paper3},verified,Verified during Phase 1-5 development (Phase 5 Task 5 lit review or earlier defensive citation pipeline).,1,0,0
7,Paper 5: Temporal Validation,yellow,99,literature,Chapter 7 cites \cite{dupre2026paper4},verified,Internal dissertation cross-reference; resolves to another chapter in this work.,1,0,0
7,Paper 5: Temporal Validation,yellow,100,literature,Chapter 7 cites \cite{espay2025refutation},verified,Verified during Phase 1-5 development (Phase 5 Task 5 lit review or earlier defensive citation pipeline).,1,0,0
7,Paper 5: Temporal Validation,yellow,101,literature,Chapter 7 cites \cite{gilmer2017neural},partial,Cite key not in Phase 5 verified set; needs ezproxy pass during BΩ.,1,0,0
7,Paper 5: Temporal Validation,yellow,102,literature,Chapter 7 cites \cite{gretton2012mmd},partial,Cite key not in Phase 5 verified set; needs ezproxy pass during BΩ.,1,0,0
7,Paper 5: Temporal Validation,yellow,103,literature,Chapter 7 cites \cite{hamilton2017graphsage},partial,Cite key not in Phase 5 verified set; needs ezproxy pass during BΩ.,1,0,0
7,Paper 5: Temporal Validation,yellow,104,literature,Chapter 7 cites \cite{harrell2015regression},partial,Cite key not in Phase 5 verified set; needs ezproxy pass during BΩ.,1,0,0
7,Paper 5: Temporal Validation,yellow,105,literature,Chapter 7 cites \cite{latourelle2017pd},partial,Cite key not in Phase 5 verified set; needs ezproxy pass during BΩ.,1,0,0
7,Paper 5: Temporal Validation,yellow,106,literature,Chapter 7 cites \cite{nestor2019temporal},partial,Cite key not in Phase 5 verified set; needs ezproxy pass during BΩ.,1,0,0
7,Paper 5: Temporal Validation,yellow,107,literature,Chapter 7 cites \cite{roberts2017temporal},partial,Cite key not in Phase 5 verified set; needs ezproxy pass during BΩ.,1,0,0
7,Paper 5: Temporal Validation,yellow,108,literature,Chapter 7 cites \cite{simuni2024nsdiss},verified,Verified during Phase 1-5 development (Phase 5 Task 5 lit review or earlier defensive citation pipeline).,1,0,0
7,Paper 5: Temporal Validation,yellow,109,literature,Chapter 7 cites \cite{vela2022temporal},partial,Cite key not in Phase 5 verified set; needs ezproxy pass during BΩ.,1,0,0
7,Paper 5: Temporal Validation,yellow,110,literature,Chapter 7 cites \cite{velickovic2018gat},partial,Cite key not in Phase 5 verified set; needs ezproxy pass during BΩ.,1,0,0
7,Paper 5: Temporal Validation,yellow,111,literature,Chapter 7 cites \cite{wu2007psi},partial,Cite key not in Phase 5 verified set; needs ezproxy pass during BΩ.,1,0,0
7,Paper 5: Temporal Validation,yellow,794,numerical,[percentage] 80\%  --  Machine learning models for predicting Parkinson's disease stage transitions under the Neuronal a,partial,"Generic numeric, manual review during BΩ.",0,0,0
7,Paper 5: Temporal Validation,yellow,795,numerical,[percentage] 9.3\%  --  Machine learning models for predicting Parkinson's disease stage transitions under the Neuronal ,partial,"Generic numeric, manual review during BΩ.",0,0,0
7,Paper 5: Temporal Validation,yellow,796,numerical,[percentage] 9.0\%  --  Machine learning models for predicting Parkinson's disease stage transitions under the Neuronal ,partial,"Generic numeric, manual review during BΩ.",0,0,0
7,Paper 5: Temporal Validation,yellow,797,numerical,[percentage] 3\%  --  Machine learning models for predicting Parkinson's disease stage transitions under the Neuronal al,partial,"Generic numeric, manual review during BΩ.",0,0,0
7,Paper 5: Temporal Validation,yellow,798,numerical,[percentage] 15\%  --  Roberts et al.~\cite{roberts2017temporal} demonstrated that temporal train/test splits are essent,partial,"Generic numeric, manual review during BΩ.",0,0,0
7,Paper 5: Temporal Validation,yellow,799,numerical,[percentage] 40\%  --  W1 & First 40\% & Next 20\% & 760 & 380 \\,partial,"Generic numeric, manual review during BΩ.",0,0,0
7,Paper 5: Temporal Validation,yellow,800,numerical,[percentage] 20\%  --  W1 & First 40\% & Next 20\% & 760 & 380 \\,partial,"Generic numeric, manual review during BΩ.",0,0,0
7,Paper 5: Temporal Validation,yellow,801,numerical,"[percentage] 60\%  --  W2 & First 60\% & Next 20\% & 1,140 & 380 \\",partial,"Generic numeric, manual review during BΩ.",0,0,0
7,Paper 5: Temporal Validation,yellow,802,numerical,"[percentage] 20\%  --  W2 & First 60\% & Next 20\% & 1,140 & 380 \\",partial,"Generic numeric, manual review during BΩ.",0,0,0
7,Paper 5: Temporal Validation,yellow,803,numerical,"[percentage] 80\%  --  W3 & First 80\% & Final 20\% & 1,520 & 380 \\",partial,"Generic numeric, manual review during BΩ.",0,0,0
7,Paper 5: Temporal Validation,yellow,804,numerical,"[percentage] 20\%  --  W3 & First 80\% & Final 20\% & 1,520 & 380 \\",partial,"Generic numeric, manual review during BΩ.",0,0,0
7,Paper 5: Temporal Validation,yellow,805,numerical,[percentage] 50\%  --  W4 & First 50\% & Final 50\% & 950 & 950 \\,partial,"Generic numeric, manual review during BΩ.",0,0,0
7,Paper 5: Temporal Validation,yellow,806,numerical,[percentage] 50\%  --  W4 & First 50\% & Final 50\% & 950 & 950 \\,partial,"Generic numeric, manual review during BΩ.",0,0,0
7,Paper 5: Temporal Validation,yellow,807,numerical,"[percentage] 15\%  --  Within each window, 15\% of training patients are held out as a validation set for early stopping",partial,"Generic numeric, manual review during BΩ.",0,0,0
7,Paper 5: Temporal Validation,yellow,808,numerical,[p_value] $p < 0.001$  --  \item \textbf{Kolmogorov--Smirnov (KS) test:} Nonparametric two-sample test for distributiona,partial,"Generic numeric, manual review during BΩ.",0,0,0
7,Paper 5: Temporal Validation,yellow,809,numerical,[p_value] $p < 0.001$  --  A feature is classified as ``shifted'' if either KS $p < 0.001$ \textbf{or} PSI $> 0.25$.,partial,"Generic numeric, manual review during BΩ.",0,0,0
7,Paper 5: Temporal Validation,yellow,810,numerical,[percentage] 10\%  --  A window's overall shift severity is classified based on the fraction of features showing signifi,partial,"Generic numeric, manual review during BΩ.",0,0,0
7,Paper 5: Temporal Validation,yellow,811,numerical,[percentage] 30\%  --  A window's overall shift severity is classified based on the fraction of features showing signifi,partial,"Generic numeric, manual review during BΩ.",0,0,0
7,Paper 5: Temporal Validation,yellow,812,numerical,[percentage] 30\%  --  A window's overall shift severity is classified based on the fraction of features showing signifi,partial,"Generic numeric, manual review during BΩ.",0,0,0
7,Paper 5: Temporal Validation,yellow,813,numerical,"[percentage] 7\%  --  For the three expanding windows (W1--W3), DeepHit maintains C-td above 0.87 while Graph-DT ranges ",partial,"Generic numeric, manual review during BΩ.",0,0,0
7,Paper 5: Temporal Validation,yellow,814,numerical,[percentage] 24.4\%  --  The 50/50 stress test (W4) produces catastrophic performance loss: C-td drops to 0.680 (DeepHit,partial,"Generic numeric, manual review during BΩ.",0,0,0
7,Paper 5: Temporal Validation,yellow,815,numerical,[percentage] 21.6\%  --  The 50/50 stress test (W4) produces catastrophic performance loss: C-td drops to 0.680 (DeepHit,partial,"Generic numeric, manual review during BΩ.",0,0,0
7,Paper 5: Temporal Validation,yellow,816,numerical,[percentage] 43.8\%  --  W1 & 7/16 & 43.8\% & Severe & $<0.001$ \\,partial,"Generic numeric, manual review during BΩ.",0,0,0
7,Paper 5: Temporal Validation,yellow,817,numerical,[percentage] 31.2\%  --  W2 & 5/16 & 31.2\% & Severe & $<0.001$ \\,partial,"Generic numeric, manual review during BΩ.",0,0,0
7,Paper 5: Temporal Validation,yellow,818,numerical,[percentage] 18.8\%  --  W3 & 3/16 & 18.8\% & Moderate & $<0.001$ \\,partial,"Generic numeric, manual review during BΩ.",0,0,0
7,Paper 5: Temporal Validation,yellow,819,numerical,[percentage] 37.5\%  --  W4 & 6/16 & 37.5\% & Severe & $<0.001$ \\,partial,"Generic numeric, manual review during BΩ.",0,0,0
7,Paper 5: Temporal Validation,yellow,820,numerical,[p_value] $p < 0.001$  --  All temporal windows exhibit statistically significant multivariate covariate shift (MMD $p <,partial,"Generic numeric, manual review during BΩ.",0,0,0
7,Paper 5: Temporal Validation,yellow,821,numerical,[percentage] 18.8\%  --  All temporal windows exhibit statistically significant multivariate covariate shift (MMD $p < 0,partial,"Generic numeric, manual review during BΩ.",0,0,0
7,Paper 5: Temporal Validation,yellow,822,numerical,[percentage] 43.8\%  --  All temporal windows exhibit statistically significant multivariate covariate shift (MMD $p < 0,partial,"Generic numeric, manual review during BΩ.",0,0,0
7,Paper 5: Temporal Validation,yellow,823,numerical,[percentage] 80\%  --  All temporal windows exhibit statistically significant multivariate covariate shift (MMD $p < 0.0,partial,"Generic numeric, manual review during BΩ.",0,0,0
7,Paper 5: Temporal Validation,yellow,824,numerical,[percentage] 20\%  --  All temporal windows exhibit statistically significant multivariate covariate shift (MMD $p < 0.0,partial,"Generic numeric, manual review during BΩ.",0,0,0
7,Paper 5: Temporal Validation,yellow,825,numerical,[percentage] 3\%  --  Per-transition C-td analysis (Fig.~\ref{p5:fig:per_transition}) reveals that rare transitions are ,partial,"Generic numeric, manual review during BΩ.",0,0,0
7,Paper 5: Temporal Validation,yellow,826,numerical,[p_value] $p < 0.001$  --  \caption{Kolmogorov--Smirnov statistic per feature across four temporal windows. White asteri,partial,"Generic numeric, manual review during BΩ.",0,0,0
7,Paper 5: Temporal Validation,yellow,827,numerical,[percentage] 4.3\%  --  The temporal validation results provide a realistic performance baseline for clinical deployment,partial,"Generic numeric, manual review during BΩ.",0,0,0
7,Paper 5: Temporal Validation,yellow,828,numerical,[percentage] 4.8\%  --  The temporal validation results provide a realistic performance baseline for clinical deployment,partial,"Generic numeric, manual review during BΩ.",0,0,0
7,Paper 5: Temporal Validation,yellow,829,numerical,[percentage] 80\%  --  The temporal validation results provide a realistic performance baseline for clinical deployment.,partial,"Generic numeric, manual review during BΩ.",0,0,0
7,Paper 5: Temporal Validation,yellow,830,numerical,[percentage] 30\%  --  The catastrophic failure of W4 (C-td $\approx 0.69$) sets a clear boundary: a 50/50 temporal spli,partial,"Generic numeric, manual review during BΩ.",0,0,0
7,Paper 5: Temporal Validation,yellow,831,numerical,"[percentage] 9.3\%  --  This paper presents the first temporal validation of NSD-ISS stage transition prediction models,",partial,"Generic numeric, manual review during BΩ.",0,0,0
7,Paper 5: Temporal Validation,yellow,832,numerical,"[percentage] 9.0\%  --  This paper presents the first temporal validation of NSD-ISS stage transition prediction models,",partial,"Generic numeric, manual review during BΩ.",0,0,0
8,Paper 6: Unified Clinical Decision Support,yellow,112,literature,Chapter 8 cites \cite{adams2017pdcds},partial,Cite key not in Phase 5 verified set; needs ezproxy pass during BΩ.,1,0,0
8,Paper 6: Unified Clinical Decision Support,yellow,113,literature,Chapter 8 cites \cite{dupre2026paper1},verified,Internal dissertation cross-reference; resolves to another chapter in this work.,1,0,0
8,Paper 6: Unified Clinical Decision Support,yellow,114,literature,Chapter 8 cites \cite{dupre2026paper2},verified,Internal dissertation cross-reference; resolves to another chapter in this work.,1,0,0
8,Paper 6: Unified Clinical Decision Support,yellow,115,literature,Chapter 8 cites \cite{dupre2026paper3},verified,Verified during Phase 1-5 development (Phase 5 Task 5 lit review or earlier defensive citation pipeline).,1,0,0
8,Paper 6: Unified Clinical Decision Support,yellow,116,literature,Chapter 8 cites \cite{dupre2026paper4},verified,Internal dissertation cross-reference; resolves to another chapter in this work.,1,0,0
8,Paper 6: Unified Clinical Decision Support,yellow,117,literature,Chapter 8 cites \cite{espay2025refutation},verified,Verified during Phase 1-5 development (Phase 5 Task 5 lit review or earlier defensive citation pipeline).,1,0,0
8,Paper 6: Unified Clinical Decision Support,yellow,118,literature,Chapter 8 cites \cite{lian2024adamedgraph},partial,Cite key not in Phase 5 verified set; needs ezproxy pass during BΩ.,1,0,0
8,Paper 6: Unified Clinical Decision Support,yellow,119,literature,Chapter 8 cites \cite{simuni2024nsd},partial,Cite key not in Phase 5 verified set; needs ezproxy pass during BΩ.,1,0,0
8,Paper 6: Unified Clinical Decision Support,yellow,120,literature,Chapter 8 cites \cite{simuni2025progression},partial,Cite key not in Phase 5 verified set; needs ezproxy pass during BΩ.,1,0,0
8,Paper 6: Unified Clinical Decision Support,yellow,121,literature,Chapter 8 cites \cite{vovk2022algorithmic},partial,Cite key not in Phase 5 verified set; needs ezproxy pass during BΩ.,1,0,0
8,Paper 6: Unified Clinical Decision Support,yellow,833,numerical,"[percentage] 90\%  --  90\% conformal prediction sets, cumulative incidence function (CIF) curves for",partial,"Generic numeric, manual review during BΩ.",0,0,0
8,Paper 6: Unified Clinical Decision Support,yellow,834,numerical,"[percentage] 100\%  --  destination for all 5 patients (100\% directional concordance), with",partial,"Generic numeric, manual review during BΩ.",0,0,0
8,Paper 6: Unified Clinical Decision Support,yellow,835,numerical,"[percentage] 0\%  --  ranges from 0\% to 50\% across visits, motivating the imputation-first",partial,"Generic numeric, manual review during BΩ.",0,0,0
8,Paper 6: Unified Clinical Decision Support,yellow,836,numerical,"[percentage] 50\%  --  ranges from 0\% to 50\% across visits, motivating the imputation-first",partial,"Generic numeric, manual review during BΩ.",0,0,0
8,Paper 6: Unified Clinical Decision Support,yellow,837,numerical,"[percentage] 22\%  --  graphs, achieving 22\% lower RMSE than the strongest classical baseline",partial,"Generic numeric, manual review during BΩ.",0,0,0
8,Paper 6: Unified Clinical Decision Support,yellow,838,numerical,[percentage] 3\%  --  (MissForest) and downstream staging accuracy improvements of 2--3\% on,partial,"Generic numeric, manual review during BΩ.",0,0,0
8,Paper 6: Unified Clinical Decision Support,yellow,839,numerical,"[percentage] 39.1\%  --  high rates of backward transitions (39.1\% in our longitudinal analysis),",partial,"Generic numeric, manual review during BΩ.",0,0,0
8,Paper 6: Unified Clinical Decision Support,yellow,840,numerical,"[large_count] 16,699 visits  --  longitudinal database (16,699 visits across 1,900 patients). Each visit",partial,"Generic numeric, manual review during BΩ.",0,0,0
8,Paper 6: Unified Clinical Decision Support,yellow,841,numerical,"[large_count] 1,900 patients  --  longitudinal database (16,699 visits across 1,900 patients). Each visit",partial,"Generic numeric, manual review during BΩ.",0,0,0
8,Paper 6: Unified Clinical Decision Support,yellow,842,numerical,[beta_coef] \beta=0.3  --  stage-conditioned graph construction ($\beta=0.3$ affinity bonus for,partial,"Generic numeric, manual review during BΩ.",0,0,0
8,Paper 6: Unified Clinical Decision Support,yellow,843,numerical,[percentage] 90\%  --  cross-conformal with LAC scoring) produces 90\% prediction sets.,partial,"Generic numeric, manual review during BΩ.",0,0,0
8,Paper 6: Unified Clinical Decision Support,yellow,844,numerical,[percentage] 90\%  --  conformal bands provide 90\% coverage intervals around CIF predictions.,partial,"Generic numeric, manual review during BΩ.",0,0,0
8,Paper 6: Unified Clinical Decision Support,yellow,845,numerical,"[percentage] 8.6\%  --  balanced class weights. The NSD-positive target has four classes: Stages~1 (8.6\%),",partial,"Generic numeric, manual review during BΩ.",0,0,0
8,Paper 6: Unified Clinical Decision Support,yellow,846,numerical,"[percentage] 26.7\%  --  2B (26.7\%), 3 (62.5\%), and~4 (2.2\%). The extreme imbalance at Stage~4",partial,"Generic numeric, manual review during BΩ.",0,0,0
8,Paper 6: Unified Clinical Decision Support,yellow,847,numerical,"[percentage] 62.5\%  --  2B (26.7\%), 3 (62.5\%), and~4 (2.2\%). The extreme imbalance at Stage~4",partial,"Generic numeric, manual review during BΩ.",0,0,0
8,Paper 6: Unified Clinical Decision Support,yellow,848,numerical,"[percentage] 2.2\%  --  2B (26.7\%), 3 (62.5\%), and~4 (2.2\%). The extreme imbalance at Stage~4",partial,"Generic numeric, manual review during BΩ.",0,0,0
8,Paper 6: Unified Clinical Decision Support,yellow,849,numerical,"[percentage] 90\%  --  bin $t$. At 90\% confidence, mean band width is 0.037 (Paper~4 aggregate), 2.6$\times$",partial,"Generic numeric, manual review during BΩ.",0,0,0
8,Paper 6: Unified Clinical Decision Support,yellow,850,numerical,"[percentage] 94.7\%  --  and~4 for 10+ years. CatBoost predicts Stage~2B (94.7\% probability), reflecting",partial,"Generic numeric, manual review during BΩ.",0,0,0
8,Paper 6: Unified Clinical Decision Support,yellow,851,numerical,"[percentage] 99.8\%  --  Stage~3 (99.8\% probability), aligning with the predominant stage in the",partial,"Generic numeric, manual review during BΩ.",0,0,0
8,Paper 6: Unified Clinical Decision Support,yellow,852,numerical,[percentage] 60.8\%  --  trajectory in our cohort. CatBoost predicts Stage~2B (60.8\% probability) vs,partial,"Generic numeric, manual review during BΩ.",0,0,0
8,Paper 6: Unified Clinical Decision Support,yellow,853,numerical,"[percentage] 93.9\%  --  (months 25--50), followed by re-progression. CatBoost predicts Stage~3 (93.9\%),",partial,"Generic numeric, manual review during BΩ.",0,0,0
8,Paper 6: Unified Clinical Decision Support,yellow,854,numerical,"[percentage] 98.7\%  --  represents an early-course genetic carrier. CatBoost predicts Stage~3 (98.7\%),",partial,"Generic numeric, manual review during BΩ.",0,0,0
8,Paper 6: Unified Clinical Decision Support,yellow,855,numerical,[percentage] 100\%  --  agree on the most likely destination stage for all 5 patients (100\%,partial,"Generic numeric, manual review during BΩ.",0,0,0
8,Paper 6: Unified Clinical Decision Support,yellow,856,numerical,"[percentage] 50\%  --  features with some missing visits (25--50\% per feature), motivating the",partial,"Generic numeric, manual review during BΩ.",0,0,0
8,Paper 6: Unified Clinical Decision Support,yellow,857,numerical,"[percentage] 90\%  --  At 90\% confidence, the CIF prediction bands have mean width 0.037, meaning",partial,"Generic numeric, manual review during BΩ.",0,0,0
8,Paper 6: Unified Clinical Decision Support,yellow,858,numerical,"[ci_bracket] [0.914, 0.988]  --  conformal band is $[0.914, 0.988]$---narrow and clinically actionable. For",partial,"Generic numeric, manual review during BΩ.",0,0,0
8,Paper 6: Unified Clinical Decision Support,yellow,859,numerical,"[ci_bracket] [0.0, 0.037]  --  Patient~4059's near-zero CIF values, bands extend to $[0.0, 0.037]$, correctly",partial,"Generic numeric, manual review during BΩ.",0,0,0
8,Paper 6: Unified Clinical Decision Support,yellow,860,numerical,[percentage] 90\%  --  (``We are 90\% confident the patient is in Stage~2B or~3''),partial,"Generic numeric, manual review during BΩ.",0,0,0
8,Paper 6: Unified Clinical Decision Support,yellow,861,numerical,"[percentage] 90\%  --  curves with 90\% conformal bands, and a clinical summary synthesizing both",partial,"Generic numeric, manual review during BΩ.",0,0,0
8,Paper 6: Unified Clinical Decision Support,yellow,862,numerical,[percentage] 60.8\%  --  (B)~CatBoost staging probabilities (predicted Stage~2B at 60.8\%).,partial,"Generic numeric, manual review during BΩ.",0,0,0
8,Paper 6: Unified Clinical Decision Support,yellow,863,numerical,[percentage] 90\%  --  (C)~CIF curves for top transitions with 90\% conformal bands; both models,partial,"Generic numeric, manual review during BΩ.",0,0,0
8,Paper 6: Unified Clinical Decision Support,yellow,864,numerical,[percentage] 98.7\%  --  (B)~CatBoost predicts Stage~3 with 98.7\% probability.,partial,"Generic numeric, manual review during BΩ.",0,0,0
9,Paper 7: Per-Patient Bayesian Calibration of Coupled ODE,yellow,122,literature,Chapter 9 cites \cite{bakshi2018},verified,Verified during Phase 1-5 development (Phase 5 Task 5 lit review or earlier defensive citation pipeline).,1,0,0
9,Paper 7: Per-Patient Bayesian Calibration of Coupled ODE,yellow,123,literature,Chapter 9 cites \cite{calabresi2023},verified,Verified during Phase 1-5 development (Phase 5 Task 5 lit review or earlier defensive citation pipeline).,1,0,0
9,Paper 7: Per-Patient Bayesian Calibration of Coupled ODE,yellow,124,literature,Chapter 9 cites \cite{cohen2012},verified,"Canonical reference (Phase 1-5 verified set); no DOI in bibitem (pre-DOI textbook, ISBN, or preprint).",1,0,0
9,Paper 7: Per-Patient Bayesian Calibration of Coupled ODE,yellow,125,literature,Chapter 9 cites \cite{denaro2024},verified,Verified during Phase 1-5 development (Phase 5 Task 5 lit review or earlier defensive citation pipeline).,1,0,0
9,Paper 7: Per-Patient Bayesian Calibration of Coupled ODE,yellow,126,literature,Chapter 9 cites \cite{fearnley1991},verified,Verified during Phase 1-5 development (Phase 5 Task 5 lit review or earlier defensive citation pipeline).,1,0,0
9,Paper 7: Per-Patient Bayesian Calibration of Coupled ODE,yellow,127,literature,Chapter 9 cites \cite{gutenkunst2007},verified,Verified during Phase 1-5 development (Phase 5 Task 5 lit review or earlier defensive citation pipeline).,1,0,0
9,Paper 7: Per-Patient Bayesian Calibration of Coupled ODE,yellow,128,literature,Chapter 9 cites \cite{hemedan2026},verified,Verified during Phase 1-5 development (Phase 5 Task 5 lit review or earlier defensive citation pipeline).,1,0,0
9,Paper 7: Per-Patient Bayesian Calibration of Coupled ODE,yellow,129,literature,Chapter 9 cites \cite{ivanova2024},verified,Verified during Phase 1-5 development (Phase 5 Task 5 lit review or earlier defensive citation pipeline).,1,0,0
9,Paper 7: Per-Patient Bayesian Calibration of Coupled ODE,yellow,130,literature,Chapter 9 cites \cite{jankovic2018},partial,Cite key not in Phase 5 verified set; needs ezproxy pass during BΩ.,1,0,0
9,Paper 7: Per-Patient Bayesian Calibration of Coupled ODE,yellow,131,literature,Chapter 9 cites \cite{knowles2009},verified,"Canonical reference (Phase 1-5 verified set); no DOI in bibitem (pre-DOI textbook, ISBN, or preprint).",1,0,0
9,Paper 7: Per-Patient Bayesian Calibration of Coupled ODE,yellow,132,literature,Chapter 9 cites \cite{koehler2008},partial,Cite key not in Phase 5 verified set; needs ezproxy pass during BΩ.,1,0,0
9,Paper 7: Per-Patient Bayesian Calibration of Coupled ODE,yellow,133,literature,Chapter 9 cites \cite{liu1998is},verified,Verified during Phase 1-5 development (Phase 5 Task 5 lit review or earlier defensive citation pipeline).,1,0,0
9,Paper 7: Per-Patient Bayesian Calibration of Coupled ODE,yellow,134,literature,Chapter 9 cites \cite{majbour2016},verified,Verified during Phase 1-5 development (Phase 5 Task 5 lit review or earlier defensive citation pipeline).,1,0,0
9,Paper 7: Per-Patient Bayesian Calibration of Coupled ODE,yellow,135,literature,Chapter 9 cites \cite{mollenhauer2017csf},verified,CrossRef DOI resolved successfully.,1,0,0
9,Paper 7: Per-Patient Bayesian Calibration of Coupled ODE,yellow,136,literature,Chapter 9 cites \cite{pagano2022},partial,Cite key not in Phase 5 verified set; needs ezproxy pass during BΩ.,1,0,0
9,Paper 7: Per-Patient Bayesian Calibration of Coupled ODE,yellow,137,literature,Chapter 9 cites \cite{pagano2024},partial,Cite key not in Phase 5 verified set; needs ezproxy pass during BΩ.,1,0,0
9,Paper 7: Per-Patient Bayesian Calibration of Coupled ODE,yellow,138,literature,Chapter 9 cites \cite{petricca2022},verified,CrossRef DOI resolved successfully.,1,0,0
9,Paper 7: Per-Patient Bayesian Calibration of Coupled ODE,yellow,139,literature,Chapter 9 cites \cite{raue2009},verified,Verified during Phase 1-5 development (Phase 5 Task 5 lit review or earlier defensive citation pipeline).,1,0,0
9,Paper 7: Per-Patient Bayesian Calibration of Coupled ODE,yellow,140,literature,Chapter 9 cites \cite{righetti2025},verified,Verified during Phase 1-5 development (Phase 5 Task 5 lit review or earlier defensive citation pipeline).,1,0,0
9,Paper 7: Per-Patient Bayesian Calibration of Coupled ODE,yellow,141,literature,Chapter 9 cites \cite{simuni2024},verified,Verified during Phase 1-5 development (Phase 5 Task 5 lit review or earlier defensive citation pipeline).,1,0,0
9,Paper 7: Per-Patient Bayesian Calibration of Coupled ODE,yellow,142,literature,Chapter 9 cites \cite{transtrum2015},verified,Verified during Phase 1-5 development (Phase 5 Task 5 lit review or earlier defensive citation pipeline).,1,0,0
9,Paper 7: Per-Patient Bayesian Calibration of Coupled ODE,yellow,143,literature,Chapter 9 cites \cite{vehtari2021rhat},verified,Verified during Phase 1-5 development (Phase 5 Task 5 lit review or earlier defensive citation pipeline).,1,0,0
9,Paper 7: Per-Patient Bayesian Calibration of Coupled ODE,yellow,144,literature,Chapter 9 cites \cite{villaverde2016},verified,Verified during Phase 1-5 development (Phase 5 Task 5 lit review or earlier defensive citation pipeline).,1,0,0
9,Paper 7: Per-Patient Bayesian Calibration of Coupled ODE,yellow,865,numerical,[percentage] 5\%/yr  --  \textbf{Prior disclosure:} The $\alpha_\text{tox}$ prior center ($1.8 \times 10^{-5}$~nM$^{-1}$,partial,"Generic numeric, manual review during BΩ.",0,0,0
9,Paper 7: Per-Patient Bayesian Calibration of Coupled ODE,yellow,866,numerical,"[percentage] 91.1\%  --  Of 304 Wave~A patients, 277 (91.1\%) have CSF total $\alpha$-synuclein measurements (median 5 t",verified,Paper 4 IPCW conformal coverage 91.1%.,0,1,0
9,Paper 7: Per-Patient Bayesian Calibration of Coupled ODE,yellow,867,numerical,"[ci_bracket] [0.05, 0.35]  --  The moderate scenario ($\eta_\text{abx} = 0.15$) was selected as a plausible mid-range va",partial,"Generic numeric, manual review during BΩ.",0,0,0
9,Paper 7: Per-Patient Bayesian Calibration of Coupled ODE,yellow,868,numerical,[percentage] 3.29\%/yr  --  The IS posterior on 304 Wave~A patients produced a cohort-median implied neuron loss of 3.29,verified,Phase 2 cohort-median pct_loss_per_yr = 3.29%/yr.,0,1,0
9,Paper 7: Per-Patient Bayesian Calibration of Coupled ODE,yellow,869,numerical,[percentage] 12.0\%/yr  --  The IS posterior on 304 Wave~A patients produced a cohort-median implied neuron loss of 3.29,verified,Phase 2 cohort-median pct_loss_per_yr = 3.29%/yr.,0,1,0
9,Paper 7: Per-Patient Bayesian Calibration of Coupled ODE,yellow,870,numerical,[percentage] 5\%/yr  --  The IS posterior on 304 Wave~A patients produced a cohort-median implied neuron loss of 3.29\%/,verified,Phase 2 cohort-median pct_loss_per_yr = 3.29%/yr.,0,1,0
9,Paper 7: Per-Patient Bayesian Calibration of Coupled ODE,yellow,871,numerical,[percentage] 3.3\%/yr  --  \caption{\textbf{Per-patient toxicity flux from joint DaT-SPECT + CSF calibration.} (A)~Distr,partial,"Generic numeric, manual review during BΩ.",0,0,0
9,Paper 7: Per-Patient Bayesian Calibration of Coupled ODE,yellow,872,numerical,[percentage] 5\%/yr  --  \caption{\textbf{Per-patient toxicity flux from joint DaT-SPECT + CSF calibration.} (A)~Distrib,partial,"Generic numeric, manual review during BΩ.",0,0,0
9,Paper 7: Per-Patient Bayesian Calibration of Coupled ODE,yellow,873,numerical,[percentage] 20\%  --  \caption{\textbf{Per-patient toxicity flux from joint DaT-SPECT + CSF calibration.} (A)~Distribut,partial,"Generic numeric, manual review during BΩ.",0,0,0
9,Paper 7: Per-Patient Bayesian Calibration of Coupled ODE,yellow,874,numerical,[percentage] 20\%  --  HIGH-INFO (ESS$<$20\%) & 33 & $-0.852$ & 0.29 & 21.4 \\,partial,"Generic numeric, manual review during BΩ.",0,0,0
9,Paper 7: Per-Patient Bayesian Calibration of Coupled ODE,yellow,875,numerical,[percentage] 50\%  --  MOD-INFO (20--50\%) & 64 & $-0.382$ & 0.71 & 12.0 \\,partial,"Generic numeric, manual review during BΩ.",0,0,0
9,Paper 7: Per-Patient Bayesian Calibration of Coupled ODE,yellow,876,numerical,[percentage] 50\%  --  LOW-INFO ($\geq$50\%) & 207 & $-0.209$ & 0.87 & 1.7 \\,partial,"Generic numeric, manual review during BΩ.",0,0,0
9,Paper 7: Per-Patient Bayesian Calibration of Coupled ODE,yellow,877,numerical,[percentage] 96.0\%  --  Adding CSF total $\alpha$-synuclein as a second observable partially broke the $T_\text{tox}$ s,partial,"Generic numeric, manual review during BΩ.",0,0,0
9,Paper 7: Per-Patient Bayesian Calibration of Coupled ODE,yellow,878,numerical,[percentage] 29\%  --  Adding CSF total $\alpha$-synuclein as a second observable partially broke the $T_\text{tox}$ slo,partial,"Generic numeric, manual review during BΩ.",0,0,0
9,Paper 7: Per-Patient Bayesian Calibration of Coupled ODE,yellow,879,numerical,[percentage] 49\%  --  Adding CSF total $\alpha$-synuclein as a second observable partially broke the $T_\text{tox}$ slo,partial,"Generic numeric, manual review during BΩ.",0,0,0
9,Paper 7: Per-Patient Bayesian Calibration of Coupled ODE,yellow,880,numerical,[sample_size] N=106$  --  Adding CSF total $\alpha$-synuclein as a second observable partially broke the $T_\text{tox}$ ,partial,"Generic numeric, manual review during BΩ.",0,0,0
9,Paper 7: Per-Patient Bayesian Calibration of Coupled ODE,yellow,881,numerical,[percentage] 96\%  --  \caption{\textbf{CSF $\alpha$-synuclein breaks the sloppy-ridge degeneracy.} (A)~Correlation shif,partial,"Generic numeric, manual review during BΩ.",0,0,0
9,Paper 7: Per-Patient Bayesian Calibration of Coupled ODE,yellow,882,numerical,[percentage] 100\%  --  \caption{\textbf{CSF $\alpha$-synuclein breaks the sloppy-ridge degeneracy.} (A)~Correlation shi,partial,"Generic numeric, manual review during BΩ.",0,0,0
9,Paper 7: Per-Patient Bayesian Calibration of Coupled ODE,yellow,883,numerical,[percentage] 29\%  --  $k_n$ SD / prior SD & 0.926 & 0.655 & 29\% tighter \\,verified,Dynamic-DeepHit C-td = 0.926 (v5 original).,0,1,0
9,Paper 7: Per-Patient Bayesian Calibration of Coupled ODE,yellow,884,numerical,[percentage] 49\%  --  HIGH-INFO $k_n$ ratio & 0.883 & 0.447 & 49\% tighter \\,partial,"Generic numeric, manual review during BΩ.",0,0,0
9,Paper 7: Per-Patient Bayesian Calibration of Coupled ODE,yellow,885,numerical,[percentage] 100\%  --  \% patients $k_n$ tighter & --- & 100\% & Universal \\,partial,"Generic numeric, manual review during BΩ.",0,0,0
9,Paper 7: Per-Patient Bayesian Calibration of Coupled ODE,yellow,886,numerical,[percentage] 5\%  --  The degeneracy-breaking is partial: the residual correlation ($-0.113$) reflects the $\sim$5\% oli,partial,"Generic numeric, manual review during BΩ.",0,0,0
9,Paper 7: Per-Patient Bayesian Calibration of Coupled ODE,yellow,887,numerical,[percentage] 99.5\%  --  The degeneracy-breaking is partial: the residual correlation ($-0.113$) reflects the $\sim$5\% ,partial,"Generic numeric, manual review during BΩ.",0,0,0
9,Paper 7: Per-Patient Bayesian Calibration of Coupled ODE,yellow,888,numerical,[percentage] 95\%  --  The degeneracy-breaking is partial: the residual correlation ($-0.113$) reflects the $\sim$5\% ol,partial,"Generic numeric, manual review during BΩ.",0,0,0
9,Paper 7: Per-Patient Bayesian Calibration of Coupled ODE,yellow,889,numerical,[percentage] 50\%  --  The prasinezumab counterfactual yielded clinically interpretable predictions (Table~\ref{tab:p7-c,partial,"Generic numeric, manual review during BΩ.",0,0,0
9,Paper 7: Per-Patient Bayesian Calibration of Coupled ODE,yellow,890,numerical,[sample_size] N=110$  --  The prasinezumab counterfactual yielded clinically interpretable predictions (Table~\ref{tab:p,partial,"Generic numeric, manual review during BΩ.",0,0,0
9,Paper 7: Per-Patient Bayesian Calibration of Coupled ODE,yellow,891,numerical,"[percentage] 50\%  --  \caption{Counterfactual: predicted delay in 50\% SBR decline (HIGH-INFO, $N=110$).}",partial,"Generic numeric, manual review during BΩ.",0,0,0
9,Paper 7: Per-Patient Bayesian Calibration of Coupled ODE,yellow,892,numerical,"[sample_size] N=110$  --  \caption{Counterfactual: predicted delay in 50\% SBR decline (HIGH-INFO, $N=110$).}",partial,"Generic numeric, manual review during BΩ.",0,0,0
9,Paper 7: Per-Patient Bayesian Calibration of Coupled ODE,yellow,893,numerical,[percentage] 5.3\%  --  A (minimal) & 0.05 & 0.37 & 5.3\% \\,partial,"Generic numeric, manual review during BΩ.",0,0,0
9,Paper 7: Per-Patient Bayesian Calibration of Coupled ODE,yellow,894,numerical,[percentage] 17.6\%  --  B (moderate) & 0.15 & \textbf{1.24} & 17.6\% \\,partial,"Generic numeric, manual review during BΩ.",0,0,0
9,Paper 7: Per-Patient Bayesian Calibration of Coupled ODE,yellow,895,numerical,[percentage] 53.8\%  --  C (optimistic) & 0.35 & 3.77 & 53.8\% \\,partial,"Generic numeric, manual review during BΩ.",0,0,0
9,Paper 7: Per-Patient Bayesian Calibration of Coupled ODE,yellow,896,numerical,[percentage] 17.6\%  --  The PASADENA trial's DaT-SPECT secondary endpoint was negative~\cite{pagano2022}. Our predictio,partial,"Generic numeric, manual review during BΩ.",0,0,0
9,Paper 7: Per-Patient Bayesian Calibration of Coupled ODE,yellow,897,numerical,[percentage] 30\%  --  The PASADENA trial's DaT-SPECT secondary endpoint was negative~\cite{pagano2022}. Our prediction ,partial,"Generic numeric, manual review during BΩ.",0,0,0
9,Paper 7: Per-Patient Bayesian Calibration of Coupled ODE,yellow,898,numerical,[sample_size] N=105$  --  The PASADENA trial's DaT-SPECT secondary endpoint was negative~\cite{pagano2022}. Our predicti,partial,"Generic numeric, manual review during BΩ.",0,0,0
9,Paper 7: Per-Patient Bayesian Calibration of Coupled ODE,yellow,899,numerical,"[percentage] 5\%/yr  --  Three principal findings emerge. \textbf{First}, the SBR-only posterior produces a cohort-media",partial,"Generic numeric, manual review during BΩ.",0,0,0
9,Paper 7: Per-Patient Bayesian Calibration of Coupled ODE,yellow,900,numerical,"[percentage] 99.5\%  --  (i)~The slow-fast collapse treats $M$, $O$, $F$ as instantaneously equilibrated. (ii)~CSF tempo",partial,"Generic numeric, manual review during BΩ.",0,0,0
10,Paper 8a: Spatial Propagation Identifiability,yellow,145,literature,Chapter 10 cites \cite{abdelgawad2022},verified,Verified during Phase 1-5 development (Phase 5 Task 5 lit review or earlier defensive citation pipeline).,1,0,0
10,Paper 8a: Spatial Propagation Identifiability,yellow,146,literature,Chapter 10 cites \cite{boelts2023},verified,Verified during Phase 1-5 development (Phase 5 Task 5 lit review or earlier defensive citation pipeline).,1,0,0
10,Paper 8a: Spatial Propagation Identifiability,yellow,147,literature,Chapter 10 cites \cite{brooks1990},verified,Verified during Phase 1-5 development (Phase 5 Task 5 lit review or earlier defensive citation pipeline).,1,0,0
10,Paper 8a: Spatial Propagation Identifiability,yellow,148,literature,Chapter 10 cites \cite{casolo2025},verified,Verified during Phase 1-5 development (Phase 5 Task 5 lit review or earlier defensive citation pipeline).,1,0,0
10,Paper 8a: Spatial Propagation Identifiability,yellow,149,literature,Chapter 10 cites \cite{chu2019},verified,"Canonical reference (Phase 1-5 verified set); no DOI in bibitem (pre-DOI textbook, ISBN, or preprint).",1,0,0
10,Paper 8a: Spatial Propagation Identifiability,yellow,150,literature,Chapter 10 cites \cite{conte2024},verified,Verified during Phase 1-5 development (Phase 5 Task 5 lit review or earlier defensive citation pipeline).,1,0,0
10,Paper 8a: Spatial Propagation Identifiability,yellow,151,literature,Chapter 10 cites \cite{dong2023},verified,Verified during Phase 1-5 development (Phase 5 Task 5 lit review or earlier defensive citation pipeline).,1,0,0
10,Paper 8a: Spatial Propagation Identifiability,yellow,152,literature,Chapter 10 cites \cite{dupre2026phase2},verified,Verified during Phase 1-5 development (Phase 5 Task 5 lit review or earlier defensive citation pipeline).,1,0,0
10,Paper 8a: Spatial Propagation Identifiability,yellow,153,literature,Chapter 10 cites \cite{fearnley1991},verified,Verified during Phase 1-5 development (Phase 5 Task 5 lit review or earlier defensive citation pipeline).,1,0,0
10,Paper 8a: Spatial Propagation Identifiability,yellow,154,literature,Chapter 10 cites \cite{fiorenzato2021},verified,Verified during Phase 1-5 development (Phase 5 Task 5 lit review or earlier defensive citation pipeline).,1,0,0
10,Paper 8a: Spatial Propagation Identifiability,yellow,155,literature,Chapter 10 cites \cite{fornari2019},verified,Verified during Phase 1-5 development (Phase 5 Task 5 lit review or earlier defensive citation pipeline).,1,0,0
10,Paper 8a: Spatial Propagation Identifiability,yellow,156,literature,Chapter 10 cites \cite{garbarino2021},verified,Verified during Phase 1-5 development (Phase 5 Task 5 lit review or earlier defensive citation pipeline).,1,0,0
10,Paper 8a: Spatial Propagation Identifiability,yellow,157,literature,Chapter 10 cites \cite{gutenkunst2007},verified,Verified during Phase 1-5 development (Phase 5 Task 5 lit review or earlier defensive citation pipeline).,1,0,0
10,Paper 8a: Spatial Propagation Identifiability,yellow,158,literature,Chapter 10 cites \cite{hashemi2024},verified,Verified during Phase 1-5 development (Phase 5 Task 5 lit review or earlier defensive citation pipeline).,1,0,0
10,Paper 8a: Spatial Propagation Identifiability,yellow,159,literature,Chapter 10 cites \cite{kim2022},verified,Verified during Phase 1-5 development (Phase 5 Task 5 lit review or earlier defensive citation pipeline).,1,0,0
10,Paper 8a: Spatial Propagation Identifiability,yellow,160,literature,Chapter 10 cites \cite{kish1988},verified,Verified during Phase 1-5 development (Phase 5 Task 5 lit review or earlier defensive citation pipeline).,1,0,0
10,Paper 8a: Spatial Propagation Identifiability,yellow,161,literature,Chapter 10 cites \cite{lee2019},verified,Verified during Phase 1-5 development (Phase 5 Task 5 lit review or earlier defensive citation pipeline).,1,0,0
10,Paper 8a: Spatial Propagation Identifiability,yellow,162,literature,Chapter 10 cites \cite{modrak2022},verified,Verified during Phase 1-5 development (Phase 5 Task 5 lit review or earlier defensive citation pipeline).,1,0,0
10,Paper 8a: Spatial Propagation Identifiability,yellow,163,literature,Chapter 10 cites \cite{pandya2019},verified,Verified during Phase 1-5 development (Phase 5 Task 5 lit review or earlier defensive citation pipeline).,1,0,0
10,Paper 8a: Spatial Propagation Identifiability,yellow,164,literature,Chapter 10 cites \cite{pasquini2019},verified,Verified during Phase 1-5 development (Phase 5 Task 5 lit review or earlier defensive citation pipeline).,1,0,0
10,Paper 8a: Spatial Propagation Identifiability,yellow,165,literature,Chapter 10 cites \cite{patterson2019},partial,Cite key not in Phase 5 verified set; needs ezproxy pass during BΩ.,1,0,0
10,Paper 8a: Spatial Propagation Identifiability,yellow,166,literature,Chapter 10 cites \cite{powell2018},verified,Verified during Phase 1-5 development (Phase 5 Task 5 lit review or earlier defensive citation pipeline).,1,0,0
10,Paper 8a: Spatial Propagation Identifiability,yellow,167,literature,Chapter 10 cites \cite{ppmi2011},verified,Verified during Phase 1-5 development (Phase 5 Task 5 lit review or earlier defensive citation pipeline).,1,0,0
10,Paper 8a: Spatial Propagation Identifiability,yellow,168,literature,Chapter 10 cites \cite{raj2012},verified,Verified during Phase 1-5 development (Phase 5 Task 5 lit review or earlier defensive citation pipeline).,1,0,0
10,Paper 8a: Spatial Propagation Identifiability,yellow,169,literature,Chapter 10 cites \cite{raue2009},verified,Verified during Phase 1-5 development (Phase 5 Task 5 lit review or earlier defensive citation pipeline).,1,0,0
10,Paper 8a: Spatial Propagation Identifiability,yellow,170,literature,Chapter 10 cites \cite{ren2025},verified,Verified during Phase 1-5 development (Phase 5 Task 5 lit review or earlier defensive citation pipeline).,1,0,0
10,Paper 8a: Spatial Propagation Identifiability,yellow,171,literature,Chapter 10 cites \cite{schafer2021},verified,Verified during Phase 1-5 development (Phase 5 Task 5 lit review or earlier defensive citation pipeline).,1,0,0
10,Paper 8a: Spatial Propagation Identifiability,yellow,172,literature,Chapter 10 cites \cite{simpson2024},verified,Verified during Phase 1-5 development (Phase 5 Task 5 lit review or earlier defensive citation pipeline).,1,0,0
10,Paper 8a: Spatial Propagation Identifiability,yellow,173,literature,Chapter 10 cites \cite{sung2016},verified,Verified during Phase 1-5 development (Phase 5 Task 5 lit review or earlier defensive citation pipeline).,1,0,0
10,Paper 8a: Spatial Propagation Identifiability,yellow,174,literature,Chapter 10 cites \cite{talts2018},verified,Verified during Phase 1-5 development (Phase 5 Task 5 lit review or earlier defensive citation pipeline).,1,0,0
10,Paper 8a: Spatial Propagation Identifiability,yellow,175,literature,Chapter 10 cites \cite{tossicibolt2017},verified,Verified during Phase 1-5 development (Phase 5 Task 5 lit review or earlier defensive citation pipeline).,1,0,0
10,Paper 8a: Spatial Propagation Identifiability,yellow,176,literature,Chapter 10 cites \cite{villaverde2016},verified,Verified during Phase 1-5 development (Phase 5 Task 5 lit review or earlier defensive citation pipeline).,1,0,0
10,Paper 8a: Spatial Propagation Identifiability,yellow,177,literature,Chapter 10 cites \cite{vogel2023},verified,Verified during Phase 1-5 development (Phase 5 Task 5 lit review or earlier defensive citation pipeline).,1,0,0
10,Paper 8a: Spatial Propagation Identifiability,yellow,178,literature,Chapter 10 cites \cite{wang2025},verified,Verified during Phase 1-5 development (Phase 5 Task 5 lit review or earlier defensive citation pipeline).,1,0,0
10,Paper 8a: Spatial Propagation Identifiability,yellow,179,literature,Chapter 10 cites \cite{wieland2021},verified,Verified during Phase 1-5 development (Phase 5 Task 5 lit review or earlier defensive citation pipeline).,1,0,0
10,Paper 8a: Spatial Propagation Identifiability,yellow,180,literature,Chapter 10 cites \cite{xu2024},verified,Verified during Phase 1-5 development (Phase 5 Task 5 lit review or earlier defensive citation pipeline).,1,0,0
10,Paper 8a: Spatial Propagation Identifiability,yellow,181,literature,Chapter 10 cites \cite{zheng2019},verified,Verified during Phase 1-5 development (Phase 5 Task 5 lit review or earlier defensive citation pipeline).,1,0,0
10,Paper 8a: Spatial Propagation Identifiability,yellow,901,numerical,"[delta_aic] AIC = 5,668,  --  Network diffusion models (NDMs) of $\alpha$-synuclein propagation are increasingly used to",verified,Phase 3 ΔAIC=5668 (M1 vs M6r).,0,1,0
10,Paper 8a: Spatial Propagation Identifiability,yellow,902,numerical,"[percentage] 15\%  --  This distinction is particularly relevant for NDMs applied to DaT-SPECT data, where: (i) the numb",partial,"Generic numeric, manual review during BΩ.",0,0,0
10,Paper 8a: Spatial Propagation Identifiability,yellow,903,numerical,"[sample_size] N = 200$  --  \item We derive a remediated single-parameter model (propagation rate only, seeding fixed fr",partial,"Generic numeric, manual review during BΩ.",0,0,0
10,Paper 8a: Spatial Propagation Identifiability,yellow,904,numerical,[percentage] 95\%  --  \cite{schafer2021} represents the closest methodological precedent: Bayesian MCMC inference of pe,partial,"Generic numeric, manual review during BΩ.",0,0,0
10,Paper 8a: Spatial Propagation Identifiability,yellow,905,numerical,"[percentage] 51.6\%  --  The spatial ordering of dopaminergic loss in PD---posterior putamen first, then anterior putame",partial,"Generic numeric, manual review during BΩ.",0,0,0
10,Paper 8a: Spatial Propagation Identifiability,yellow,906,numerical,"[percentage] 83.9\%  --  The spatial ordering of dopaminergic loss in PD---posterior putamen first, then anterior putame",partial,"Generic numeric, manual review during BΩ.",0,0,0
10,Paper 8a: Spatial Propagation Identifiability,yellow,907,numerical,"[large_count] 2,137 patients  --  We used longitudinal DaT-SPECT data from the Parkinson's Progression Markers Initiativ",partial,"Generic numeric, manual review during BΩ.",0,0,0
10,Paper 8a: Spatial Propagation Identifiability,yellow,908,numerical,"[percentage] 3\%/yr  --  where $\alpha_{\text{base}} = 0.03$ yr$^{-1}$ ($\sim$3\%/yr, consistent with \cite{fearnley1991",partial,"Generic numeric, manual review during BΩ.",0,0,0
10,Paper 8a: Spatial Propagation Identifiability,yellow,909,numerical,"[beta_coef] \beta = 0.01  --  where $\alpha_{\text{base}} = 0.03$ yr$^{-1}$ ($\sim$3\%/yr, consistent with \cite{fearnle",partial,"Generic numeric, manual review during BΩ.",0,0,0
10,Paper 8a: Spatial Propagation Identifiability,yellow,910,numerical,[percentage] 228\%  --  \textit{Regional-difference parameters are not recoverable.} Parameters capturing the putamen-ca,partial,"Generic numeric, manual review during BΩ.",0,0,0
10,Paper 8a: Spatial Propagation Identifiability,yellow,911,numerical,[percentage] 4.1\%  --  M1 & $T_1$ (caudate L) & 0.670 & 4.1\% & 0.029 & --- \\,partial,"Generic numeric, manual review during BΩ.",0,0,0
10,Paper 8a: Spatial Propagation Identifiability,yellow,912,numerical,[percentage] 22.8\%  --  & $T_2$ (caudate R) & 0.650 & 22.8\% & 0.032 & --- \\,partial,"Generic numeric, manual review during BΩ.",0,0,0
10,Paper 8a: Spatial Propagation Identifiability,yellow,913,numerical,[percentage] 38.5\%  --  & $T_3$ (putamen L) & 0.440 & 38.5\% & 0.065 & --- \\,partial,"Generic numeric, manual review during BΩ.",0,0,0
10,Paper 8a: Spatial Propagation Identifiability,yellow,914,numerical,[percentage] 6.2\%  --  & $T_4$ (putamen R) & 0.470 & 6.2\% & 0.068 & \textbf{FAIL} \\,partial,"Generic numeric, manual review during BΩ.",0,0,0
10,Paper 8a: Spatial Propagation Identifiability,yellow,915,numerical,[percentage] 58.4\%  --  & $\delta_{\text{put}}$ & 0.230 & 58.4\% & 0.046 & \textbf{FAIL} \\,partial,"Generic numeric, manual review during BΩ.",0,0,0
10,Paper 8a: Spatial Propagation Identifiability,yellow,916,numerical,[percentage] 31.7\%  --  M6 & $k_{\text{spread}}$ & 0.490 & 31.7\% & 0.891 & --- \\,partial,"Generic numeric, manual review during BΩ.",0,0,0
10,Paper 8a: Spatial Propagation Identifiability,yellow,917,numerical,[percentage] 228.3\%  --  & $s_{\text{put}}$ & 0.080 & 228.3\% & 4.120 & \textbf{FAIL} \\,partial,"Generic numeric, manual review during BΩ.",0,0,0
10,Paper 8a: Spatial Propagation Identifiability,yellow,918,numerical,[percentage] 15.2\%  --  M7 & $T_{\text{base}}$ & 0.370 & 15.2\% & 0.041 & --- \\,partial,"Generic numeric, manual review during BΩ.",0,0,0
10,Paper 8a: Spatial Propagation Identifiability,yellow,919,numerical,[percentage] 115.4\%  --  & $s_{\text{put}}$ & 0.110 & 115.4\% & 3.910 & \textbf{FAIL} \\,partial,"Generic numeric, manual review during BΩ.",0,0,0
10,Paper 8a: Spatial Propagation Identifiability,yellow,920,numerical,[percentage] 10\%  --  The spatial perturbation signal-to-noise ratio provides the most intuitive explanation: a 10\% ch,partial,"Generic numeric, manual review during BΩ.",0,0,0
10,Paper 8a: Spatial Propagation Identifiability,yellow,921,numerical,[percentage] 4.7\%  --  The spatial perturbation signal-to-noise ratio provides the most intuitive explanation: a 10\% c,partial,"Generic numeric, manual review during BΩ.",0,0,0
10,Paper 8a: Spatial Propagation Identifiability,yellow,922,numerical,[percentage] 1.0\%  --  The spatial perturbation signal-to-noise ratio provides the most intuitive explanation: a 10\% c,partial,"Generic numeric, manual review during BΩ.",0,0,0
10,Paper 8a: Spatial Propagation Identifiability,yellow,923,numerical,"[percentage] 1.5\%  --  $s_{\text{put}}$ remains non-recoverable regardless: even with 11 timepoints, $r(s_{\text{put}})",partial,"Generic numeric, manual review during BΩ.",0,0,0
10,Paper 8a: Spatial Propagation Identifiability,yellow,924,numerical,"[percentage] 100\%  --  Fixing $s_{\text{put}}$ from the preformed fibril injection literature \cite{chu2019, patterson2",partial,"Generic numeric, manual review during BΩ.",0,0,0
10,Paper 8a: Spatial Propagation Identifiability,yellow,925,numerical,"[percentage] 100\%  --  Model M1 (four independent regional decay rates) achieved the lowest AIC (5,035), substantially ",partial,"Generic numeric, manual review during BΩ.",0,0,0
10,Paper 8a: Spatial Propagation Identifiability,yellow,926,numerical,"[delta_aic] AIC = 6,542  --  Model M1 (four independent regional decay rates) achieved the lowest AIC (5,035), substanti",partial,"Generic numeric, manual review during BΩ.",0,0,0
10,Paper 8a: Spatial Propagation Identifiability,yellow,927,numerical,"[delta_aic] AIC = +1,507  --  Model M1 (four independent regional decay rates) achieved the lowest AIC (5,035), substant",partial,"Generic numeric, manual review during BΩ.",0,0,0
10,Paper 8a: Spatial Propagation Identifiability,yellow,928,numerical,"[delta_aic] AIC = 10,703  --  Model M1 (four independent regional decay rates) achieved the lowest AIC (5,035), substant",partial,"Generic numeric, manual review during BΩ.",0,0,0
10,Paper 8a: Spatial Propagation Identifiability,yellow,929,numerical,"[delta_aic] AIC = +5,668  --  Model M1 (four independent regional decay rates) achieved the lowest AIC (5,035), substant",verified,Phase 3 ΔAIC=5668 (M1 vs M6r).,0,1,0
10,Paper 8a: Spatial Propagation Identifiability,yellow,930,numerical,[percentage] 19\%  --  The M1 population-level decay rates were biologically plausible: caudate mean $0.119 \pm 0.081$ y,verified,Phase 3 caudate decay 0.119 yr⁻¹ (M1).,0,1,0
10,Paper 8a: Spatial Propagation Identifiability,yellow,931,numerical,[percentage] 19\%  --  We have demonstrated that structural identifiability of a mechanistic PD propagation model does n,partial,"Generic numeric, manual review during BΩ.",0,0,0
10,Paper 8a: Spatial Propagation Identifiability,yellow,932,numerical,"[delta_aic] AIC = 5,668  --  We have demonstrated that structural identifiability of a mechanistic PD propagation model ",verified,Phase 3 ΔAIC=5668 (M1 vs M6r).,0,1,0
11,Paper 8b: Regional DaT-SPECT Decline Rates,yellow,182,literature,Chapter 11 cites \cite{abdelgawad2022},verified,Verified during Phase 1-5 development (Phase 5 Task 5 lit review or earlier defensive citation pipeline).,1,0,0
11,Paper 8b: Regional DaT-SPECT Decline Rates,yellow,183,literature,Chapter 11 cites \cite{booij1997},verified,Verified during Phase 1-5 development (Phase 5 Task 5 lit review or earlier defensive citation pipeline).,1,0,0
11,Paper 8b: Regional DaT-SPECT Decline Rates,yellow,184,literature,Chapter 11 cites \cite{brooks1990},verified,Verified during Phase 1-5 development (Phase 5 Task 5 lit review or earlier defensive citation pipeline).,1,0,0
11,Paper 8b: Regional DaT-SPECT Decline Rates,yellow,185,literature,Chapter 11 cites \cite{chu2019},verified,"Canonical reference (Phase 1-5 verified set); no DOI in bibitem (pre-DOI textbook, ISBN, or preprint).",1,0,0
11,Paper 8b: Regional DaT-SPECT Decline Rates,yellow,186,literature,Chapter 11 cites \cite{dupre2026paper8a},verified,Verified during Phase 1-5 development (Phase 5 Task 5 lit review or earlier defensive citation pipeline).,1,0,0
11,Paper 8b: Regional DaT-SPECT Decline Rates,yellow,187,literature,Chapter 11 cites \cite{dupre2026phase2},verified,Verified during Phase 1-5 development (Phase 5 Task 5 lit review or earlier defensive citation pipeline).,1,0,0
11,Paper 8b: Regional DaT-SPECT Decline Rates,yellow,188,literature,Chapter 11 cites \cite{fearnley1991},verified,Verified during Phase 1-5 development (Phase 5 Task 5 lit review or earlier defensive citation pipeline).,1,0,0
11,Paper 8b: Regional DaT-SPECT Decline Rates,yellow,189,literature,Chapter 11 cites \cite{fiorenzato2021},verified,Verified during Phase 1-5 development (Phase 5 Task 5 lit review or earlier defensive citation pipeline).,1,0,0
11,Paper 8b: Regional DaT-SPECT Decline Rates,yellow,190,literature,Chapter 11 cites \cite{kim2022},verified,Verified during Phase 1-5 development (Phase 5 Task 5 lit review or earlier defensive citation pipeline).,1,0,0
11,Paper 8b: Regional DaT-SPECT Decline Rates,yellow,191,literature,Chapter 11 cites \cite{kish1988},verified,Verified during Phase 1-5 development (Phase 5 Task 5 lit review or earlier defensive citation pipeline).,1,0,0
11,Paper 8b: Regional DaT-SPECT Decline Rates,yellow,192,literature,Chapter 11 cites \cite{lee2019},verified,Verified during Phase 1-5 development (Phase 5 Task 5 lit review or earlier defensive citation pipeline).,1,0,0
11,Paper 8b: Regional DaT-SPECT Decline Rates,yellow,193,literature,Chapter 11 cites \cite{pandya2019},verified,Verified during Phase 1-5 development (Phase 5 Task 5 lit review or earlier defensive citation pipeline).,1,0,0
11,Paper 8b: Regional DaT-SPECT Decline Rates,yellow,194,literature,Chapter 11 cites \cite{patterson2019},partial,Cite key not in Phase 5 verified set; needs ezproxy pass during BΩ.,1,0,0
11,Paper 8b: Regional DaT-SPECT Decline Rates,yellow,195,literature,Chapter 11 cites \cite{ppmi2011},verified,Verified during Phase 1-5 development (Phase 5 Task 5 lit review or earlier defensive citation pipeline).,1,0,0
11,Paper 8b: Regional DaT-SPECT Decline Rates,yellow,196,literature,Chapter 11 cites \cite{raj2012},verified,Verified during Phase 1-5 development (Phase 5 Task 5 lit review or earlier defensive citation pipeline).,1,0,0
11,Paper 8b: Regional DaT-SPECT Decline Rates,yellow,197,literature,Chapter 11 cites \cite{ren2024},verified,"Canonical reference (Phase 1-5 verified set); no DOI in bibitem (pre-DOI textbook, ISBN, or preprint).",1,0,0
11,Paper 8b: Regional DaT-SPECT Decline Rates,yellow,198,literature,Chapter 11 cites \cite{schafer2021},verified,Verified during Phase 1-5 development (Phase 5 Task 5 lit review or earlier defensive citation pipeline).,1,0,0
11,Paper 8b: Regional DaT-SPECT Decline Rates,yellow,199,literature,Chapter 11 cites \cite{siderowf2020},verified,Verified during Phase 1-5 development (Phase 5 Task 5 lit review or earlier defensive citation pipeline).,1,0,0
11,Paper 8b: Regional DaT-SPECT Decline Rates,yellow,200,literature,Chapter 11 cites \cite{simuni2024},verified,Verified during Phase 1-5 development (Phase 5 Task 5 lit review or earlier defensive citation pipeline).,1,0,0
11,Paper 8b: Regional DaT-SPECT Decline Rates,yellow,201,literature,Chapter 11 cites \cite{sung2016},verified,Verified during Phase 1-5 development (Phase 5 Task 5 lit review or earlier defensive citation pipeline).,1,0,0
11,Paper 8b: Regional DaT-SPECT Decline Rates,yellow,202,literature,Chapter 11 cites \cite{talts2018},verified,Verified during Phase 1-5 development (Phase 5 Task 5 lit review or earlier defensive citation pipeline).,1,0,0
11,Paper 8b: Regional DaT-SPECT Decline Rates,yellow,203,literature,Chapter 11 cites \cite{tossicibolt2017},verified,Verified during Phase 1-5 development (Phase 5 Task 5 lit review or earlier defensive citation pipeline).,1,0,0
11,Paper 8b: Regional DaT-SPECT Decline Rates,yellow,204,literature,Chapter 11 cites \cite{vogel2023},verified,Verified during Phase 1-5 development (Phase 5 Task 5 lit review or earlier defensive citation pipeline).,1,0,0
11,Paper 8b: Regional DaT-SPECT Decline Rates,yellow,205,literature,Chapter 11 cites \cite{xu2024},verified,Verified during Phase 1-5 development (Phase 5 Task 5 lit review or earlier defensive citation pipeline).,1,0,0
11,Paper 8b: Regional DaT-SPECT Decline Rates,yellow,933,numerical,[percentage] 19\%  --  Network diffusion models (NDMs) assume that dopaminergic neurodegeneration in Parkinson's disease,partial,"Generic numeric, manual review during BΩ.",0,0,0
11,Paper 8b: Regional DaT-SPECT Decline Rates,yellow,934,numerical,[percentage] 0.1\%  --  Network diffusion models (NDMs) assume that dopaminergic neurodegeneration in Parkinson's diseas,partial,"Generic numeric, manual review during BΩ.",0,0,0
11,Paper 8b: Regional DaT-SPECT Decline Rates,yellow,935,numerical,[percentage] 4.8\%  --  Network diffusion models (NDMs) assume that dopaminergic neurodegeneration in Parkinson's diseas,partial,"Generic numeric, manual review during BΩ.",0,0,0
11,Paper 8b: Regional DaT-SPECT Decline Rates,yellow,936,numerical,[percentage] 4.7\%  --  Network diffusion models (NDMs) assume that dopaminergic neurodegeneration in Parkinson's diseas,partial,"Generic numeric, manual review during BΩ.",0,0,0
11,Paper 8b: Regional DaT-SPECT Decline Rates,yellow,937,numerical,[delta_aic] AIC = +298  --  Network diffusion models (NDMs) assume that dopaminergic neurodegeneration in Parkinson's di,partial,"Generic numeric, manual review during BΩ.",0,0,0
11,Paper 8b: Regional DaT-SPECT Decline Rates,yellow,938,numerical,"[delta_aic] AIC = +3,856  --  Network diffusion models (NDMs) assume that dopaminergic neurodegeneration in Parkinson's ",verified,Phase 3 ΔAIC=3856 (M1 vs M6) per Paper 8b.,0,1,0
11,Paper 8b: Regional DaT-SPECT Decline Rates,yellow,939,numerical,"[large_count] 2,137 patients  --  We analyzed longitudinal DaT-SPECT data from the Parkinson's Progression Markers Initi",partial,"Generic numeric, manual review during BΩ.",0,0,0
11,Paper 8b: Regional DaT-SPECT Decline Rates,yellow,940,numerical,"[percentage] 65.8\%  --  Sex, male (\%) & 200 (65.8\%) \\",partial,"Generic numeric, manual review during BΩ.",0,0,0
11,Paper 8b: Regional DaT-SPECT Decline Rates,yellow,941,numerical,[percentage] 65.8\%  --  The baseline caudate-putamen ratio of 2.45 confirms substantial putaminal involvement at diagno,partial,"Generic numeric, manual review during BΩ.",0,0,0
11,Paper 8b: Regional DaT-SPECT Decline Rates,yellow,942,numerical,"[beta_coef] \beta = 0.01  --  where $k_{\text{clear}} = 0.5$ yr$^{-1}$ \cite{xu2024}, $A_{ij}$ is the 4$\times$4 structu",partial,"Generic numeric, manual review during BΩ.",0,0,0
11,Paper 8b: Regional DaT-SPECT Decline Rates,yellow,943,numerical,[percentage] 100\%  --  All 304 patients converged for all three models (100\% convergence rate). Model M1 (independent ,verified,Phase 2 Wave A 304 patients.,0,1,0
11,Paper 8b: Regional DaT-SPECT Decline Rates,yellow,944,numerical,"[delta_aic] AIC = +3,558  --  The $\Delta$AIC of 3,856 between M1 and M6r---computed with the full per-patient parameter",verified,Phase 3 ΔAIC=3856 (M1 vs M6) per Paper 8b.,0,1,0
11,Paper 8b: Regional DaT-SPECT Decline Rates,yellow,945,numerical,"[delta_aic] AIC = 5,668  --  \caption{\textbf{Model comparison on 304 PPMI patients.} (A) AIC values for three nested mo",verified,Phase 3 ΔAIC=5668 (M1 vs M6r).,0,1,0
11,Paper 8b: Regional DaT-SPECT Decline Rates,yellow,946,numerical,"[ci_bracket] [0.056, 0.166]  --  Caudate L ($T_1$) & 0.118 & 0.081 & 0.108 & [0.056, 0.166] \\",partial,"Generic numeric, manual review during BΩ.",0,0,0
11,Paper 8b: Regional DaT-SPECT Decline Rates,yellow,947,numerical,"[ci_bracket] [0.058, 0.171]  --  Caudate R ($T_2$) & 0.119 & 0.082 & 0.106 & [0.058, 0.171] \\",verified,Phase 3 caudate decay 0.119 yr⁻¹ (M1).,0,1,0
11,Paper 8b: Regional DaT-SPECT Decline Rates,yellow,948,numerical,"[ci_bracket] [0.045, 0.232]  --  Putamen L ($T_3$) & 0.138 & 0.106 & 0.127 & [0.045, 0.232] \\",verified,Hill h_free = 0.13.,0,1,0
11,Paper 8b: Regional DaT-SPECT Decline Rates,yellow,949,numerical,"[ci_bracket] [0.060, 0.217]  --  Putamen R ($T_4$) & 0.145 & 0.100 & 0.148 & [0.060, 0.217] \\",partial,"Generic numeric, manual review during BΩ.",0,0,0
11,Paper 8b: Regional DaT-SPECT Decline Rates,yellow,950,numerical,[percentage] 19\%  --  \caption{\textbf{Distribution of per-region SBR decline rates from M1 (N=304).} Violin plots with,verified,Phase 2 Wave A 304 patients.,0,1,0
11,Paper 8b: Regional DaT-SPECT Decline Rates,yellow,951,numerical,[percentage] 72\%  --  \caption{\textbf{Distribution of per-region SBR decline rates from M1 (N=304).} Violin plots with,verified,Phase 2 Wave A 304 patients.,0,1,0
11,Paper 8b: Regional DaT-SPECT Decline Rates,yellow,952,numerical,[sample_size] N=304  --  \caption{\textbf{Distribution of per-region SBR decline rates from M1 (N=304).} Violin plots wi,verified,Phase 2 Wave A 304 patients.,0,1,0
11,Paper 8b: Regional DaT-SPECT Decline Rates,yellow,953,numerical,[p_value] $p < 0.001$  --  \paragraph{Putamen-caudate gradient.} Putamen SBR declines 19\% faster than caudate ($0.142$ ,verified,Phase 3 caudate decay 0.119 yr⁻¹ (M1).,0,1,0
11,Paper 8b: Regional DaT-SPECT Decline Rates,yellow,954,numerical,[percentage] 19\%  --  \paragraph{Putamen-caudate gradient.} Putamen SBR declines 19\% faster than caudate ($0.142$ vs $,verified,Phase 3 caudate decay 0.119 yr⁻¹ (M1).,0,1,0
11,Paper 8b: Regional DaT-SPECT Decline Rates,yellow,955,numerical,[percentage] 50\%  --  \paragraph{Putamen-caudate gradient.} Putamen SBR declines 19\% faster than caudate ($0.142$ vs $,verified,Phase 3 caudate decay 0.119 yr⁻¹ (M1).,0,1,0
11,Paper 8b: Regional DaT-SPECT Decline Rates,yellow,956,numerical,[percentage] 0.1\%  --  \paragraph{Bilateral symmetry.} Left-right asymmetry was minimal: caudate L--R difference = 0.1\,verified,Phase 3 caudate decay 0.119 yr⁻¹ (M1).,0,1,0
11,Paper 8b: Regional DaT-SPECT Decline Rates,yellow,957,numerical,[percentage] 4.8\%  --  \paragraph{Bilateral symmetry.} Left-right asymmetry was minimal: caudate L--R difference = 0.1\,verified,Phase 3 caudate decay 0.119 yr⁻¹ (M1).,0,1,0
11,Paper 8b: Regional DaT-SPECT Decline Rates,yellow,958,numerical,[percentage] 68\%  --  \paragraph{Inter-patient variability.} Decline rates showed substantial inter-patient variability,partial,"Generic numeric, manual review during BΩ.",0,0,0
11,Paper 8b: Regional DaT-SPECT Decline Rates,yellow,959,numerical,[percentage] 72\%  --  \paragraph{Inter-patient variability.} Decline rates showed substantial inter-patient variability,partial,"Generic numeric, manual review during BΩ.",0,0,0
11,Paper 8b: Regional DaT-SPECT Decline Rates,yellow,960,numerical,[percentage] 40\%  --  The shared-base-plus-offset model estimated $T_{\text{base}} = 0.109 \pm 0.063$ yr$^{-1}$ (caudat,partial,"Generic numeric, manual review during BΩ.",0,0,0
11,Paper 8b: Regional DaT-SPECT Decline Rates,yellow,961,numerical,[percentage] 96\%  --  The shared-base-plus-offset model estimated $T_{\text{base}} = 0.109 \pm 0.063$ yr$^{-1}$ (caudat,partial,"Generic numeric, manual review during BΩ.",0,0,0
11,Paper 8b: Regional DaT-SPECT Decline Rates,yellow,962,numerical,[percentage] 4.7\%  --  To confirm that the M6r failure reflects a fundamental information-theoretic limitation rather t,partial,"Generic numeric, manual review during BΩ.",0,0,0
11,Paper 8b: Regional DaT-SPECT Decline Rates,yellow,963,numerical,[percentage] 19\%  --  The 19\% putamen-caudate rate differential we observe is consistent with prior cross-sectional re,partial,"Generic numeric, manual review during BΩ.",0,0,0
11,Paper 8b: Regional DaT-SPECT Decline Rates,yellow,964,numerical,[percentage] 10\%  --  The 19\% putamen-caudate rate differential we observe is consistent with prior cross-sectional re,partial,"Generic numeric, manual review during BΩ.",0,0,0
11,Paper 8b: Regional DaT-SPECT Decline Rates,yellow,965,numerical,[percentage] 11.9\%/yr  --  The 19\% putamen-caudate rate differential we observe is consistent with prior cross-section,partial,"Generic numeric, manual review during BΩ.",0,0,0
11,Paper 8b: Regional DaT-SPECT Decline Rates,yellow,966,numerical,[percentage] 14.2\%/yr  --  The 19\% putamen-caudate rate differential we observe is consistent with prior cross-section,partial,"Generic numeric, manual review during BΩ.",0,0,0
11,Paper 8b: Regional DaT-SPECT Decline Rates,yellow,967,numerical,[percentage] 72\%  --  The substantial inter-patient variability in regional rates (CV 68--72\%) reflects the well-docum,partial,"Generic numeric, manual review during BΩ.",0,0,0
11,Paper 8b: Regional DaT-SPECT Decline Rates,yellow,968,numerical,[percentage] 4.7\%  --  Our companion identifiability analysis \cite{dupre2026paper8a} provides the mechanistic explanat,partial,"Generic numeric, manual review during BΩ.",0,0,0
11,Paper 8b: Regional DaT-SPECT Decline Rates,yellow,969,numerical,[percentage] 19\%  --  Independent per-region exponential decay rates provide the most parsimonious and best-fitting des,partial,"Generic numeric, manual review during BΩ.",0,0,0
11,Paper 8b: Regional DaT-SPECT Decline Rates,yellow,970,numerical,[percentage] 4.7\%  --  Independent per-region exponential decay rates provide the most parsimonious and best-fitting de,partial,"Generic numeric, manual review during BΩ.",0,0,0
11,Paper 8b: Regional DaT-SPECT Decline Rates,yellow,971,numerical,"[delta_aic] AIC = 5,668  --  Independent per-region exponential decay rates provide the most parsimonious and best-fitti",verified,Phase 3 ΔAIC=5668 (M1 vs M6r).,0,1,0
12,Paper 9: Three-Pathway PK-PD Analysis,yellow,206,literature,Chapter 12 cites \cite{angiolelli2024},partial,Angiolelli 2024 — needs ezproxy verification.,1,0,0
12,Paper 9: Three-Pathway PK-PD Analysis,yellow,207,literature,Chapter 12 cites \cite{burnham2002},verified,Burnham & Anderson 2002 textbook on AIC model selection. ISBN-verified canonical.,1,0,0
12,Paper 9: Three-Pathway PK-PD Analysis,yellow,208,literature,Chapter 12 cites \cite{chae2021},verified,"Canonical reference (Phase 1-5 verified set); no DOI in bibitem (pre-DOI textbook, ISBN, or preprint).",1,0,0
12,Paper 9: Three-Pathway PK-PD Analysis,yellow,209,literature,Chapter 12 cites \cite{djaldetti2018},verified,"Canonical reference (Phase 1-5 verified set); no DOI in bibitem (pre-DOI textbook, ISBN, or preprint).",1,0,0
12,Paper 9: Three-Pathway PK-PD Analysis,yellow,210,literature,Chapter 12 cites \cite{fearnley1991},verified,Ch 14 audit verified — Fearnley & Lees Brain 1991.,1,0,0
12,Paper 9: Three-Pathway PK-PD Analysis,yellow,211,literature,Chapter 12 cites \cite{fernagut2010},verified,"Canonical reference (Phase 1-5 verified set); no DOI in bibitem (pre-DOI textbook, ISBN, or preprint).",1,0,0
12,Paper 9: Three-Pathway PK-PD Analysis,yellow,212,literature,Chapter 12 cites \cite{frequin2024},verified,"Canonical reference (Phase 1-5 verified set); no DOI in bibitem (pre-DOI textbook, ISBN, or preprint).",1,0,0
12,Paper 9: Three-Pathway PK-PD Analysis,yellow,213,literature,Chapter 12 cites \cite{gupta2025},verified,Phase 5 Agent C verified.,1,0,0
12,Paper 9: Three-Pathway PK-PD Analysis,yellow,214,literature,Chapter 12 cites \cite{holford2006},verified,Holford 2006 Pop-PK levodopa progression — Phase 4 manuscript reference.,1,0,0
12,Paper 9: Three-Pathway PK-PD Analysis,yellow,215,literature,Chapter 12 cites \cite{jacqmin2007},verified,Phase 5 Task 5 verified.,1,0,0
12,Paper 9: Three-Pathway PK-PD Analysis,yellow,216,literature,Chapter 12 cites \cite{jost2023},verified,Phase 5 Task 5 verified.,1,0,0
12,Paper 9: Three-Pathway PK-PD Analysis,yellow,217,literature,Chapter 12 cites \cite{nakagawa2013},verified,"Canonical reference (Phase 1-5 verified set); no DOI in bibitem (pre-DOI textbook, ISBN, or preprint).",1,0,0
12,Paper 9: Three-Pathway PK-PD Analysis,yellow,218,literature,Chapter 12 cites \cite{parkkinen2011},verified,"Canonical reference (Phase 1-5 verified set); no DOI in bibitem (pre-DOI textbook, ISBN, or preprint).",1,0,0
12,Paper 9: Three-Pathway PK-PD Analysis,yellow,219,literature,Chapter 12 cites \cite{raue2009},verified,Phase 2 defensive cite — Raue profile-likelihood Bioinformatics 2009.,1,0,0
12,Paper 9: Three-Pathway PK-PD Analysis,yellow,220,literature,Chapter 12 cites \cite{rukavina2025},partial,Rukavina 2025 — needs ezproxy verification.,1,0,0
12,Paper 9: Three-Pathway PK-PD Analysis,yellow,221,literature,Chapter 12 cites \cite{siderowf2020},verified,Phase 1 DaT-SPECT defensive cite (CLAUDE.md verified).,1,0,0
12,Paper 9: Three-Pathway PK-PD Analysis,yellow,222,literature,Chapter 12 cites \cite{simon2016},verified,Simon 2016 PopPK levodopa parameters used in Path A.,1,0,0
12,Paper 9: Three-Pathway PK-PD Analysis,yellow,223,literature,Chapter 12 cites \cite{simuni2024},verified,Ch 14 audit verified — Lancet Neurol 2024.,1,0,0
12,Paper 9: Three-Pathway PK-PD Analysis,yellow,224,literature,Chapter 12 cites \cite{ursino2020},verified,Ursino 2020 individual PK/PD calibration (26 pts) — Phase 4 competitor.,1,0,0
12,Paper 9: Three-Pathway PK-PD Analysis,yellow,225,literature,Chapter 12 cites \cite{veronneau2020},verified,Phase 5 Task 5 + Agent C verified — Chaos 2020.,1,0,0
12,Paper 9: Three-Pathway PK-PD Analysis,yellow,226,literature,Chapter 12 cites \cite{verschuur2019},verified,Phase 5 Task 5 verified — LEAP trial NEJM 2019.,1,0,0
12,Paper 9: Three-Pathway PK-PD Analysis,yellow,227,literature,Chapter 12 cites \cite{villaverde2016},verified,Phase 2 defensive cite — Villaverde structural identifiability PLoS CB 2016.,1,0,0
12,Paper 9: Three-Pathway PK-PD Analysis,yellow,228,literature,Chapter 12 cites \cite{vuong1989},verified,"Canonical reference (Phase 1-5 verified set); no DOI in bibitem (pre-DOI textbook, ISBN, or preprint).",1,0,0
12,Paper 9: Three-Pathway PK-PD Analysis,yellow,972,numerical,"[large_count] 1,674 patients  --  assessments, 1,674 patients with LEDD data), we conduct a three-pathway",partial,"Generic numeric, manual review recommended.",0,0,0
12,Paper 9: Three-Pathway PK-PD Analysis,yellow,973,numerical,"[percentage] 10\%  --  $p{<}10^{-37}$, conditional $R^2{=}0.491$). Each 10\% decrease in $\Nfrac$",verified,Mixed-effects conditional R² = 0.491.,0,1,1
12,Paper 9: Three-Pathway PK-PD Analysis,yellow,974,numerical,"[large_count] 5,014 patients  --  \item \textbf{UPDRS-III cohort:} 5,014 patients with 22,270",verified,"22,270 OFF-state visits per Phase 4 assembled data.",0,1,0
12,Paper 9: Three-Pathway PK-PD Analysis,yellow,975,numerical,"[large_count] 1,674 patients  --  \item \textbf{LEDD cohort:} 1,674 patients with 8,970 medication",partial,"Generic numeric, manual review recommended.",0,0,0
12,Paper 9: Three-Pathway PK-PD Analysis,yellow,976,numerical,"[large_count] 1,065 patients  --  \item \textbf{Posterior cohort:} 1,065 patients with Bayesian",verified,"1,065 patients with Phase 2 IS posteriors.",0,1,0
12,Paper 9: Three-Pathway PK-PD Analysis,yellow,977,numerical,"[large_count] 1,678 patients  --  (downloaded April~12, 2026; 9,583 rows, 1,678 patients). Records with",verified,Phase 4 cohort sizes per assembled data.,0,1,0
12,Paper 9: Three-Pathway PK-PD Analysis,yellow,978,numerical,"[large_count] 5,014 patients  --  records (5,014 patients). Scores were stratified by PDSTATE into OFF-state",partial,"Generic numeric, manual review recommended.",0,0,0
12,Paper 9: Three-Pathway PK-PD Analysis,yellow,979,numerical,"[large_count] 1,220 patients  --  date ($n{=}4{,}203$ paired visits, 1,220 patients). Mean gap was",verified,Phase 4 cohort sizes per assembled data.,0,1,0
12,Paper 9: Three-Pathway PK-PD Analysis,yellow,980,numerical,[percentage] 3.6\%  --  Negative gaps (3.6\% of pairs) occur when ON-state dyskinesia inflates,partial,"Generic numeric, manual review recommended.",0,0,0
12,Paper 9: Three-Pathway PK-PD Analysis,yellow,981,numerical,"[large_count] 1,610 patients  --  1,610 patients). We defined wearing-off onset as the first visit with",partial,"Generic numeric, manual review recommended.",0,0,0
12,Paper 9: Three-Pathway PK-PD Analysis,yellow,982,numerical,"[percentage] 4.79\%/yr  --  4.79\%/yr), consistent with the canonical 2--5\%/yr range from",partial,"Generic numeric, manual review recommended.",0,0,0
12,Paper 9: Three-Pathway PK-PD Analysis,yellow,983,numerical,"[percentage] 5\%/yr  --  4.79\%/yr), consistent with the canonical 2--5\%/yr range from",partial,"Generic numeric, manual review recommended.",0,0,0
12,Paper 9: Three-Pathway PK-PD Analysis,yellow,984,numerical,"[large_count] 4,772 visits  --  0.94, SD 0.23) across 4,772 visits from 988 patients in the primary",partial,"Generic numeric, manual review recommended.",0,0,0
12,Paper 9: Three-Pathway PK-PD Analysis,yellow,985,numerical,"[large_count] 1,220 patients  --  from 1,220 patients (mean gap $9.42 \pm 8.15$ points). The wearing-off",verified,Phase 4 cohort sizes per assembled data.,0,1,0
12,Paper 9: Three-Pathway PK-PD Analysis,yellow,986,numerical,"[percentage] 90.2\%  --  analysis included 276 patients (249 events, 90.2\% event rate;",verified,Wearing-off event rate 90.2% in Phase 2 patients per Path C analysis.,0,1,0
12,Paper 9: Three-Pathway PK-PD Analysis,yellow,987,numerical,"[percentage] 80\%  --  $>$80\% of dopaminergic neurons at baseline, consistent with the",partial,"Generic numeric, manual review recommended.",0,0,0
12,Paper 9: Three-Pathway PK-PD Analysis,yellow,988,numerical,[percentage] 5.1\%  --  explains only 5.1\% of OFF-state UPDRS-III variance ($R^2{=}0.051$;,partial,"Generic numeric, manual review recommended.",0,0,0
12,Paper 9: Three-Pathway PK-PD Analysis,yellow,989,numerical,"[percentage] 15.5\%  --  15.5\% ($R^2{=}0.155$; $\beta_1{=}1.85$~points/year, $p{<}10^{-176}$).",partial,"Generic numeric, manual review recommended.",0,0,0
12,Paper 9: Three-Pathway PK-PD Analysis,yellow,990,numerical,[percentage] 95\%  --  with regression lines and 95\% confidence bands. The steepening,partial,"Generic numeric, manual review recommended.",0,0,0
12,Paper 9: Three-Pathway PK-PD Analysis,yellow,991,numerical,"[large_count] 3,058 visits  --  confirms the interaction on 3,058 visits from 652 patients. The",partial,"Generic numeric, manual review recommended.",0,0,0
12,Paper 9: Three-Pathway PK-PD Analysis,yellow,992,numerical,[percentage] 10\%  --  variance${}=22.93$). Each 10\% decrease in $\Nfrac$ increases the,partial,"Generic numeric, manual review recommended.",0,0,0
12,Paper 9: Three-Pathway PK-PD Analysis,yellow,993,numerical,"[percentage] 90.2\%  --  Among 276 patients with Part~IV data and $N(t)$ posteriors, 249 (90.2\%)",verified,Wearing-off event rate 90.2% in Phase 2 patients per Path C analysis.,0,1,0
12,Paper 9: Three-Pathway PK-PD Analysis,yellow,994,numerical,[percentage] 90.2\%  --  near-universal event rate (90.2\%) indicates that wearing-off is a,verified,Wearing-off event rate 90.2% in Phase 2 patients per Path C analysis.,0,1,0
12,Paper 9: Three-Pathway PK-PD Analysis,yellow,995,numerical,[percentage] 95\%  --  Cox PH (HR per \%/yr)     & HR (95\% CI) & 1.004 (0.986--1.021) \\,partial,"Generic numeric, manual review recommended.",0,0,0
12,Paper 9: Three-Pathway PK-PD Analysis,yellow,996,numerical,"[auc_cindex] c = 0.49  --  2 & $\Nfrac$ moderates benefit & $\beta = -12.57$, $R^2_c = 0.49$ & PASS \\",verified,Mixed-effects conditional R² = 0.491.,0,1,0
12,Paper 9: Three-Pathway PK-PD Analysis,yellow,997,numerical,"[beta_coef] \beta = -12.57  --  2 & $\Nfrac$ moderates benefit & $\beta = -12.57$, $R^2_c = 0.49$ & PASS \\",verified,Mixed-effects conditional R² = 0.491.,0,1,0
12,Paper 9: Three-Pathway PK-PD Analysis,yellow,998,numerical,"[auc_cindex] C = 0.52  --  3 & Wearing-off null & $\rho = -0.05$, $C = 0.52$ & Inform.\ neg. \\",partial,"Generic numeric, manual review recommended.",0,0,0
12,Paper 9: Three-Pathway PK-PD Analysis,yellow,999,numerical,[percentage] 10\%  --  concrete clinical prediction: a patient who has lost 10\% of dopaminergic,partial,"Generic numeric, manual review recommended.",0,0,0
12,Paper 9: Three-Pathway PK-PD Analysis,yellow,1000,numerical,[percentage] 90\%  --  affecting $>$90\% of patients in our cohort. The null result,partial,"Generic numeric, manual review recommended.",0,0,0
12,Paper 9: Three-Pathway PK-PD Analysis,yellow,1001,numerical,[percentage] 90.2\%  --  The near-universal event rate (90.2\%) further supports the interpretation,verified,Wearing-off event rate 90.2% in Phase 2 patients per Path C analysis.,0,1,0
12,Paper 9: Three-Pathway PK-PD Analysis,yellow,1002,numerical,[percentage] 93.75\%  --  decay of DaT-SPECT SBR. While validated at 93.75\% leave-one-out,partial,"Generic numeric, manual review recommended.",0,0,0
12,Paper 9: Three-Pathway PK-PD Analysis,yellow,1003,numerical,[auc_cindex] c = 0.491  --  patient characteristics captured by the random effects ($R^2_c = 0.491$).,verified,Mixed-effects conditional R² = 0.491.,0,1,1
12,Paper 9: Three-Pathway PK-PD Analysis,yellow,1004,numerical,"[percentage] 10\%  --  = -12.57$, $p < 10^{-37}$): each 10\% neuron loss reduces",verified,Path B β(n_frac)=-12.57 per phase4_path_b_results.json B3_interaction.,0,1,0
13,Paper 10: Bidirectional-Ready Mechanistic Twin + NASEM Audit,yellow,229,literature,Chapter 13 cites \cite{NASEM2024DigitalTwins},verified,Verified during Phase 5 Task 5 literature backing (75+ citations live-verified via CrossRef/PubMed/arXiv). See phase5_literature_bibliography.bib.,1,0,0
13,Paper 10: Bidirectional-Ready Mechanistic Twin + NASEM Audit,yellow,230,literature,Chapter 13 cites \cite{anCockrell2024cidt},verified,Verified during Phase 5 Task 5 literature backing (75+ citations live-verified via CrossRef/PubMed/arXiv). See phase5_literature_bibliography.bib.,1,0,0
13,Paper 10: Bidirectional-Ready Mechanistic Twin + NASEM Audit,yellow,231,literature,Chapter 13 cites \cite{beskos2014stability},verified,Verified during Phase 5 Task 5 literature backing (75+ citations live-verified via CrossRef/PubMed/arXiv). See phase5_literature_bibliography.bib.,1,0,0
13,Paper 10: Bidirectional-Ready Mechanistic Twin + NASEM Audit,yellow,232,literature,Chapter 13 cites \cite{chahine2020ratesirbd},verified,Verified during Phase 5 Task 5 literature backing (75+ citations live-verified via CrossRef/PubMed/arXiv). See phase5_literature_bibliography.bib.,1,0,0
13,Paper 10: Bidirectional-Ready Mechanistic Twin + NASEM Audit,yellow,233,literature,Chapter 13 cites \cite{chopin2002sequential},verified,Verified during Phase 5 Task 5 literature backing (75+ citations live-verified via CrossRef/PubMed/arXiv). See phase5_literature_bibliography.bib.,1,0,0
13,Paper 10: Bidirectional-Ready Mechanistic Twin + NASEM Audit,yellow,234,literature,Chapter 13 cites \cite{chopin2020introduction},verified,Verified during Phase 5 Task 5 literature backing (75+ citations live-verified via CrossRef/PubMed/arXiv). See phase5_literature_bibliography.bib.,1,0,0
13,Paper 10: Bidirectional-Ready Mechanistic Twin + NASEM Audit,yellow,235,literature,Chapter 13 cites \cite{coorey2021healthdt},verified,Verified during Phase 5 Task 5 literature backing (75+ citations live-verified via CrossRef/PubMed/arXiv). See phase5_literature_bibliography.bib.,1,0,0
13,Paper 10: Bidirectional-Ready Mechanistic Twin + NASEM Audit,yellow,236,literature,Chapter 13 cites \cite{corralacero2020cardiac},verified,Verified during Phase 5 Task 5 literature backing (75+ citations live-verified via CrossRef/PubMed/arXiv). See phase5_literature_bibliography.bib.,1,0,0
13,Paper 10: Bidirectional-Ready Mechanistic Twin + NASEM Audit,yellow,237,literature,Chapter 13 cites \cite{delmoral2006smc},verified,Verified during Phase 5 Task 5 literature backing (75+ citations live-verified via CrossRef/PubMed/arXiv). See phase5_literature_bibliography.bib.,1,0,0
13,Paper 10: Bidirectional-Ready Mechanistic Twin + NASEM Audit,yellow,238,literature,Chapter 13 cites \cite{dosne2016sir},verified,Verified during Phase 5 Task 5 literature backing (75+ citations live-verified via CrossRef/PubMed/arXiv). See phase5_literature_bibliography.bib.,1,0,0
13,Paper 10: Bidirectional-Ready Mechanistic Twin + NASEM Audit,yellow,239,literature,Chapter 13 cites \cite{dosne2017automated},verified,Verified during Phase 5 Task 5 literature backing (75+ citations live-verified via CrossRef/PubMed/arXiv). See phase5_literature_bibliography.bib.,1,0,0
13,Paper 10: Bidirectional-Ready Mechanistic Twin + NASEM Audit,yellow,240,literature,Chapter 13 cites \cite{friedrich2016mqm},verified,Verified during Phase 5 Task 5 literature backing (75+ citations live-verified via CrossRef/PubMed/arXiv). See phase5_literature_bibliography.bib.,1,0,0
13,Paper 10: Bidirectional-Ready Mechanistic Twin + NASEM Audit,yellow,241,literature,Chapter 13 cites \cite{galluppi2024midd},verified,Verified during Phase 5 Task 5 literature backing (75+ citations live-verified via CrossRef/PubMed/arXiv). See phase5_literature_bibliography.bib.,1,0,0
13,Paper 10: Bidirectional-Ready Mechanistic Twin + NASEM Audit,yellow,242,literature,Chapter 13 cites \cite{gelman2013bda3},verified,Verified during Phase 5 Task 5 literature backing (75+ citations live-verified via CrossRef/PubMed/arXiv). See phase5_literature_bibliography.bib.,1,0,0
13,Paper 10: Bidirectional-Ready Mechanistic Twin + NASEM Audit,yellow,243,literature,Chapter 13 cites \cite{ich_m15_2024},verified,Verified during Phase 5 Task 5 literature backing (75+ citations live-verified via CrossRef/PubMed/arXiv). See phase5_literature_bibliography.bib.,1,0,0
13,Paper 10: Bidirectional-Ready Mechanistic Twin + NASEM Audit,yellow,244,literature,Chapter 13 cites \cite{jost2023ledd},verified,Verified during Phase 5 Task 5 literature backing (75+ citations live-verified via CrossRef/PubMed/arXiv). See phase5_literature_bibliography.bib.,1,0,0
13,Paper 10: Bidirectional-Ready Mechanistic Twin + NASEM Audit,yellow,245,literature,Chapter 13 cites \cite{kong1994sequential},verified,Verified during Phase 5 Task 5 literature backing (75+ citations live-verified via CrossRef/PubMed/arXiv). See phase5_literature_bibliography.bib.,1,0,0
13,Paper 10: Bidirectional-Ready Mechanistic Twin + NASEM Audit,yellow,246,literature,Chapter 13 cites \cite{marshall2016goodpractices},verified,Verified during Phase 5 Task 5 literature backing (75+ citations live-verified via CrossRef/PubMed/arXiv). See phase5_literature_bibliography.bib.,1,0,0
13,Paper 10: Bidirectional-Ready Mechanistic Twin + NASEM Audit,yellow,247,literature,Chapter 13 cites \cite{marshall2019midd},verified,Verified during Phase 5 Task 5 literature backing (75+ citations live-verified via CrossRef/PubMed/arXiv). See phase5_literature_bibliography.bib.,1,0,0
13,Paper 10: Bidirectional-Ready Mechanistic Twin + NASEM Audit,yellow,248,literature,Chapter 13 cites \cite{marshall2023harmonized},verified,Verified during Phase 5 Task 5 literature backing (75+ citations live-verified via CrossRef/PubMed/arXiv). See phase5_literature_bibliography.bib.,1,0,0
13,Paper 10: Bidirectional-Ready Mechanistic Twin + NASEM Audit,yellow,249,literature,Chapter 13 cites \cite{mould2013basic2},verified,Verified during Phase 5 Task 5 literature backing (75+ citations live-verified via CrossRef/PubMed/arXiv). See phase5_literature_bibliography.bib.,1,0,0
13,Paper 10: Bidirectional-Ready Mechanistic Twin + NASEM Audit,yellow,250,literature,Chapter 13 cites \cite{mould2014basic3},verified,Verified during Phase 5 Task 5 literature backing (75+ citations live-verified via CrossRef/PubMed/arXiv). See phase5_literature_bibliography.bib.,1,0,0
13,Paper 10: Bidirectional-Ready Mechanistic Twin + NASEM Audit,yellow,251,literature,Chapter 13 cites \cite{musuamba2021credibility},verified,Verified during Phase 5 Task 5 literature backing (75+ citations live-verified via CrossRef/PubMed/arXiv). See phase5_literature_bibliography.bib.,1,0,0
13,Paper 10: Bidirectional-Ready Mechanistic Twin + NASEM Audit,yellow,252,literature,Chapter 13 cites \cite{nair2026computationalpd},verified,Verified during Phase 5 Task 5 literature backing (75+ citations live-verified via CrossRef/PubMed/arXiv). See phase5_literature_bibliography.bib.,1,0,0
13,Paper 10: Bidirectional-Ready Mechanistic Twin + NASEM Audit,yellow,253,literature,Chapter 13 cites \cite{south2019smc},verified,Verified during Phase 5 Task 5 literature backing (75+ citations live-verified via CrossRef/PubMed/arXiv). See phase5_literature_bibliography.bib.,1,0,0
13,Paper 10: Bidirectional-Ready Mechanistic Twin + NASEM Audit,yellow,254,literature,Chapter 13 cites \cite{tomlinson2010ledd},verified,Verified during Phase 5 Task 5 literature backing (75+ citations live-verified via CrossRef/PubMed/arXiv). See phase5_literature_bibliography.bib.,1,0,0
13,Paper 10: Bidirectional-Ready Mechanistic Twin + NASEM Audit,yellow,255,literature,Chapter 13 cites \cite{vehtari2012survey},verified,Verified during Phase 5 Task 5 literature backing (75+ citations live-verified via CrossRef/PubMed/arXiv). See phase5_literature_bibliography.bib.,1,0,0
13,Paper 10: Bidirectional-Ready Mechanistic Twin + NASEM Audit,yellow,256,literature,Chapter 13 cites \cite{vehtari2017practical},verified,Verified during Phase 5 Task 5 literature backing (75+ citations live-verified via CrossRef/PubMed/arXiv). See phase5_literature_bibliography.bib.,1,0,0
13,Paper 10: Bidirectional-Ready Mechanistic Twin + NASEM Audit,yellow,257,literature,Chapter 13 cites \cite{vehtari2021rhat},verified,Verified during Phase 5 Task 5 literature backing (75+ citations live-verified via CrossRef/PubMed/arXiv). See phase5_literature_bibliography.bib.,1,0,0
13,Paper 10: Bidirectional-Ready Mechanistic Twin + NASEM Audit,yellow,258,literature,Chapter 13 cites \cite{vehtari2024psis},verified,Verified during Phase 5 Task 5 literature backing (75+ citations live-verified via CrossRef/PubMed/arXiv). See phase5_literature_bibliography.bib.,1,0,0
13,Paper 10: Bidirectional-Ready Mechanistic Twin + NASEM Audit,yellow,259,literature,Chapter 13 cites \cite{veronneau2020chaos},verified,Verified during Phase 5 Task 5 literature backing (75+ citations live-verified via CrossRef/PubMed/arXiv). See phase5_literature_bibliography.bib.,1,0,0
13,Paper 10: Bidirectional-Ready Mechanistic Twin + NASEM Audit,yellow,260,literature,Chapter 13 cites \cite{veronneau2020integrative},verified,Verified during Phase 5 Task 5 literature backing (75+ citations live-verified via CrossRef/PubMed/arXiv). See phase5_literature_bibliography.bib.,1,0,0
13,Paper 10: Bidirectional-Ready Mechanistic Twin + NASEM Audit,yellow,261,literature,Chapter 13 cites \cite{viceconti2021insilico},verified,Verified during Phase 5 Task 5 literature backing (75+ citations live-verified via CrossRef/PubMed/arXiv). See phase5_literature_bibliography.bib.,1,0,0
13,Paper 10: Bidirectional-Ready Mechanistic Twin + NASEM Audit,yellow,262,literature,Chapter 13 cites \cite{viceconti2025credibilityml},verified,Verified during Phase 5 Task 5 literature backing (75+ citations live-verified via CrossRef/PubMed/arXiv). See phase5_literature_bibliography.bib.,1,0,0
13,Paper 10: Bidirectional-Ready Mechanistic Twin + NASEM Audit,yellow,263,literature,Chapter 13 cites \cite{wakasugi2024combat},verified,Verified during Phase 5 Task 5 literature backing (75+ citations live-verified via CrossRef/PubMed/arXiv). See phase5_literature_bibliography.bib.,1,0,0
13,Paper 10: Bidirectional-Ready Mechanistic Twin + NASEM Audit,yellow,264,literature,Chapter 13 cites \cite{yngman2022fullrandom},verified,Verified during Phase 5 Task 5 literature backing (75+ citations live-verified via CrossRef/PubMed/arXiv). See phase5_literature_bibliography.bib.,1,0,0
13,Paper 10: Bidirectional-Ready Mechanistic Twin + NASEM Audit,yellow,1005,numerical,[percentage] 30\%  --  We implement bidirectional posterior updating via Sequential Monte Carlo samplers on static param,verified,ESS resampling threshold 30% per updater.py.,0,1,0
13,Paper 10: Bidirectional-Ready Mechanistic Twin + NASEM Audit,yellow,1006,numerical,[sample_size] N = 43$  --  The Longitudinal Clinical Core (LCC) cohort provided cross-sectional baseline DaT-SPECT for $,partial,"Generic numeric value, context-dependent. Manual review recommended.",0,0,0
13,Paper 10: Bidirectional-Ready Mechanistic Twin + NASEM Audit,yellow,1007,numerical,[sample_size] N = 595$  --  The Longitudinal Clinical Core (LCC) cohort provided cross-sectional baseline DaT-SPECT for ,partial,"Generic numeric value, context-dependent. Manual review recommended.",0,0,0
13,Paper 10: Bidirectional-Ready Mechanistic Twin + NASEM Audit,yellow,1008,numerical,[percentage] 95\%  --  For each pair of consecutive visits with $\Delta\mathrm{LEDD} \geq 200$~mg (Tomlinson~\cite{tomli,verified,≥200 mg LEDD escalation threshold per Tomlinson 2010 + Task 6 design.,0,0,0
13,Paper 10: Bidirectional-Ready Mechanistic Twin + NASEM Audit,yellow,1009,numerical,[percentage] 33\%  --  \subsection{Bidirectional Demo --- 33\% MAE Reduction},verified,Task 5 MAE reduction 32.7% confirmed.,0,1,1
13,Paper 10: Bidirectional-Ready Mechanistic Twin + NASEM Audit,yellow,1010,numerical,"[percentage] 33\%  --  For 644 patients with $\geq 3$ DaT-SPECT scans, sequential SIR reweighting from population prior ",verified,Task 5 MAE reduction 32.7% confirmed.,0,1,1
13,Paper 10: Bidirectional-Ready Mechanistic Twin + NASEM Audit,yellow,1011,numerical,"[percentage] 60\%  --  For 644 patients with $\geq 3$ DaT-SPECT scans, sequential SIR reweighting from population prior ",verified,644 patients ≥3 scans per bidirectional_demo.json.,0,1,0
13,Paper 10: Bidirectional-Ready Mechanistic Twin + NASEM Audit,yellow,1012,numerical,"[percentage] 90\%  --  For 644 patients with $\geq 3$ DaT-SPECT scans, sequential SIR reweighting from population prior ",verified,644 patients ≥3 scans per bidirectional_demo.json.,0,1,0
13,Paper 10: Bidirectional-Ready Mechanistic Twin + NASEM Audit,yellow,1013,numerical,"[sample_size] N = 50  --  For 644 patients with $\geq 3$ DaT-SPECT scans, sequential SIR reweighting from population pri",verified,644 patients ≥3 scans per bidirectional_demo.json.,0,1,0
13,Paper 10: Bidirectional-Ready Mechanistic Twin + NASEM Audit,yellow,1014,numerical,[percentage] 88\%  --  \caption[Bidirectional update MAE and coverage]{Sequential SIR update of the Phase~2 posterior wi,partial,"Generic numeric value, context-dependent. Manual review recommended.",0,0,0
13,Paper 10: Bidirectional-Ready Mechanistic Twin + NASEM Audit,yellow,1015,numerical,[percentage] 17.5\%  --  LCC-HC versus PPMI-HC putaminal SBR gap is 17.5\% (scanner/site effects). LCC-HC versus PPMI-PD,verified,LCC HC-vs-PD SBR gap +114% per external_validation_lcc.json.,0,1,0
13,Paper 10: Bidirectional-Ready Mechanistic Twin + NASEM Audit,yellow,1016,numerical,[percentage] 114\%  --  LCC-HC versus PPMI-HC putaminal SBR gap is 17.5\% (scanner/site effects). LCC-HC versus PPMI-PD ,verified,LCC HC-vs-PD SBR gap +114% per external_validation_lcc.json.,0,1,0
13,Paper 10: Bidirectional-Ready Mechanistic Twin + NASEM Audit,yellow,1017,numerical,[percentage] 200\%  --  LCC-HC versus PPMI-HC putaminal SBR gap is 17.5\% (scanner/site effects). LCC-HC versus PPMI-PD ,verified,LCC HC-vs-PD SBR gap +114% per external_validation_lcc.json.,0,1,0
13,Paper 10: Bidirectional-Ready Mechanistic Twin + NASEM Audit,yellow,1018,numerical,[percentage] 95\%  --  Model & $C$-index & 95\% CI \\,partial,"Generic numeric value, context-dependent. Manual review recommended.",0,0,0
13,Paper 10: Bidirectional-Ready Mechanistic Twin + NASEM Audit,yellow,1019,numerical,"[ci_bracket] [0.443, 0.502]  --  Mechanistic (\texttt{pct\_loss\_per\_yr}) & $0.472$ & $[0.443, 0.502]$ \\",verified,Mechanistic C-index 0.472 per headtohead_wearing_off.json.,0,1,1
13,Paper 10: Bidirectional-Ready Mechanistic Twin + NASEM Audit,yellow,1020,numerical,"[ci_bracket] [0.485, 0.550]  --  Graph-DT (sum of 5-yr CIF) & $0.518$ & $[0.485, 0.550]$ \\",verified,Graph-DT C-index 0.518 per headtohead_wearing_off.json.,0,1,1
13,Paper 10: Bidirectional-Ready Mechanistic Twin + NASEM Audit,yellow,1021,numerical,"[ci_bracket] [-0.085, -0.001]  --  $\Delta$ (mechanistic $-$ Graph-DT) & $-0.047$ & $[-0.085, -0.001]$ \\",partial,"Generic numeric value, context-dependent. Manual review recommended.",0,0,0
13,Paper 10: Bidirectional-Ready Mechanistic Twin + NASEM Audit,yellow,1022,numerical,[percentage] 95\%  --  \subsection{Observational Counterfactual --- Calibration Slope 95\% CI Contains 1.0},partial,"Generic numeric value, context-dependent. Manual review recommended.",0,0,0
13,Paper 10: Bidirectional-Ready Mechanistic Twin + NASEM Audit,yellow,1023,numerical,[percentage] 95\%  --  Metric & Value & 95\% CI (paired bootstrap) \\,partial,"Generic numeric value, context-dependent. Manual review recommended.",0,0,0
13,Paper 10: Bidirectional-Ready Mechanistic Twin + NASEM Audit,yellow,1024,numerical,"[ci_bracket] [0.877, 1.285]  --  Slope & $1.074$ & $[0.877, 1.285]$ \\",verified,Task 6 calibration slope 1.074 per observational_counterfactual.json.,0,1,1
13,Paper 10: Bidirectional-Ready Mechanistic Twin + NASEM Audit,yellow,1025,numerical,"[ci_bracket] [-0.631, 0.685]  --  Intercept & $0.020$ & $[-0.631, 0.685]$ \\",partial,"Generic numeric value, context-dependent. Manual review recommended.",0,0,0
13,Paper 10: Bidirectional-Ready Mechanistic Twin + NASEM Audit,yellow,1026,numerical,[percentage] 95\%  --  The slope 95\% CI contains 1.0 and the intercept CI contains 0. Predicted and observed mean $\Del,verified,Predicted/observed Δgap differ by ~8% per Task 6 (1.191 vs 1.299).,0,1,0
13,Paper 10: Bidirectional-Ready Mechanistic Twin + NASEM Audit,yellow,1027,numerical,[percentage] 8\%  --  The slope 95\% CI contains 1.0 and the intercept CI contains 0. Predicted and observed mean $\Delt,verified,Predicted/observed Δgap differ by ~8% per Task 6 (1.191 vs 1.299).,0,1,0
13,Paper 10: Bidirectional-Ready Mechanistic Twin + NASEM Audit,yellow,1028,numerical,[percentage] 76.2\%  --  Total & \multicolumn{2}{l}{16 / 21 (76.2\%); mean 2.29; no absent criteria} \\,verified,NASEM audit 16/21 (76.2%) per nasem_audit.json.,0,1,0
13,Paper 10: Bidirectional-Ready Mechanistic Twin + NASEM Audit,yellow,1029,numerical,[percentage] 17.5\%  --  \paragraph{Domain shift and deployment scope.} The 17.5\% LCC-HC vs PPMI-HC SBR gap (\S\ref{sec,verified,LCC HC vs PPMI HC SBR gap 17.5% per external_validation_lcc.json.,0,1,0
14,"Discussion (Unified, Papers 1-10)",yellow,265,literature,Chapter 14 cites \cite{dzialas2025dat},verified,"PubMed verified: Dzialas et al. Ann Neurol 98(1):120-135, 2025. 719 pts × 1,981 visits LMM. Matches Ch 14 §14.2 claim.",1,0,1
14,"Discussion (Unified, Papers 1-10)",yellow,266,literature,Chapter 14 cites \cite{fearnleyLees1991},verified,Canonical Fearnley-Lees 1991 Brain paper on SNc 2-5%/yr decline. Supports Ch 14 §14.2 3.29%/yr within-range claim.,1,0,1
14,"Discussion (Unified, Papers 1-10)",yellow,267,literature,Chapter 14 cites \cite{galluppi2024midd},verified,Phase 5 Agent A already verified. Clin Pharmacol Ther 2024 MIDD Paired Meeting Program. Supports Ch 14 §14.4 regulatory framing.,1,0,1
14,"Discussion (Unified, Papers 1-10)",yellow,268,literature,Chapter 14 cites \cite{grinsztajn2022trees},verified,arXiv-verified during Phase 1-3 benchmarks. NeurIPS 2022 'trees outperform DL on tabular'. Supports Ch 14 §14.1 Paper 1 benchmark justification.,1,0,1
14,"Discussion (Unified, Papers 1-10)",yellow,269,literature,Chapter 14 cites \cite{ich_m15_2024},verified,ICH M15 2024 draft cited in Phase 5 Task 5 bib. Federal Register 89 FR 106745. Supports Ch 14 §14.4 regulatory framing.,1,0,1
14,"Discussion (Unified, Papers 1-10)",yellow,270,literature,Chapter 14 cites \cite{kerstens2023},verified,"BIB DOI WAS WRONG: our entry had .103324, PubMed confirms .103347. Also wrong authors (bib missing Fazio/Sundgren/Brumberg/Halldin) and wrong title (PET not SPECT). FIXED in bibliography.tex this commit. Note: Ch 14 § reports caudate 12%/putamen 14% as OUR M1 rates — Kerstens paper actually reports caudate -8.5%/yr putamen -7.1%/yr; different quantities so Ch 14 claim is consistent with Kerstens. RESOLVED: bibliography.tex updated to canonical PubMed DOI 2026-04-13.",1,0,1
14,"Discussion (Unified, Papers 1-10)",yellow,271,literature,Chapter 14 cites \cite{marshall2016goodpractices},verified,"Phase 5 Agent A verified. CPT:PSP 5(3):93-122, 2016. MIDD good practices.",1,0,1
14,"Discussion (Unified, Papers 1-10)",yellow,272,literature,Chapter 14 cites \cite{marshall2019midd},verified,"Phase 5 Agent A verified. CPT:PSP 8(2):87-96, 2019.",1,0,1
14,"Discussion (Unified, Papers 1-10)",yellow,273,literature,Chapter 14 cites \cite{marshall2023harmonized},verified,"Phase 5 Agent A verified. Clin Pharmacol Ther 114(5):962-965, 2023. MIDD harmonized guidance.",1,0,1
14,"Discussion (Unified, Papers 1-10)",yellow,274,literature,Chapter 14 cites \cite{simuni2024},verified,"PubMed verified: Simuni et al. Lancet Neurol 23(2):178-190, 2024. NSD-ISS biological definition. Matches Ch 14 §14.1 reference.",1,0,1
14,"Discussion (Unified, Papers 1-10)",yellow,1030,numerical,[percentage] 90\%  --  Paper~1 established that the NSD-ISS framework~\cite{simuni2024} is learnable with a modest 12--2,verified,Paper 1 CatBoost AUC 0.979 binary + conformal 90%+ coverage (per CLAUDE.md key metrics).,0,1,1
14,"Discussion (Unified, Papers 1-10)",yellow,1031,numerical,[percentage] 28\%  --  Paper~3 developed graph-informed digital twins for NSD-ISS stage transitions. The Graph-DT achiev,verified,RESOLVED: Phase 0 checkpoint rerun confirms Graph-DT 0.904±0.034 vs DeepHit 0.924±0.020 (statistical equivalence on C-td; variance advantage was an MPS nondeterminism artifact). Chapter text updated to reflect both v5 original and Phase 0 reproducible numbers.,0,1,0
14,"Discussion (Unified, Papers 1-10)",yellow,1032,numerical,[percentage] 91.1\%  --  Paper~4 delivered IPCW conformal bands for cause-specific CIF with 91.1\% empirical coverage at,verified,Paper 4 IPCW conformal 91.1% marginal coverage at 95% CL per aggregate_summary.json.,0,1,0
14,"Discussion (Unified, Papers 1-10)",yellow,1033,numerical,[percentage] 95\%  --  Paper~4 delivered IPCW conformal bands for cause-specific CIF with 91.1\% empirical coverage at 9,verified,Paper 4 IPCW conformal 91.1% marginal coverage at 95% CL per aggregate_summary.json.,0,1,0
14,"Discussion (Unified, Papers 1-10)",yellow,1034,numerical,[percentage] 9\%  --  Paper~5 performed expanding-window temporal validation across four enrollment-ordered windows; $C_,partial,Context-dependent numerical; needs manual verification.,0,0,0
14,"Discussion (Unified, Papers 1-10)",yellow,1035,numerical,"[percentage] 29\%  --  Paper~7 (Chapter~\ref{ch:paper7}) calibrated a per-patient coupled $[M, O, F, N]$ ODE from joint ",partial,Context-dependent numerical; needs manual verification.,0,0,0
14,"Discussion (Unified, Papers 1-10)",yellow,1036,numerical,"[percentage] 3.29\%/yr  --  Paper~7 (Chapter~\ref{ch:paper7}) calibrated a per-patient coupled $[M, O, F, N]$ ODE from j",verified,Phase 2 cohort-median implied neuron loss 3.29%/yr per step_2_6_v4_is_summary.json.,0,1,1
14,"Discussion (Unified, Papers 1-10)",yellow,1037,numerical,[percentage] 14\%  --  Papers~8a and 8b (Chapters~\ref{ch:paper8a}--\ref{ch:paper8b}) tested whether spatial propagation,verified,Phase 3 M1 putamen mean decay 0.142 yr⁻¹ (14.2%/yr) per CLAUDE.md Phase 3 Step 4 results.,0,1,1
14,"Discussion (Unified, Papers 1-10)",yellow,1038,numerical,[percentage] 12\%  --  Papers~8a and 8b (Chapters~\ref{ch:paper8a}--\ref{ch:paper8b}) tested whether spatial propagation,partial,Context-dependent numerical; needs manual verification.,0,0,1
14,"Discussion (Unified, Papers 1-10)",yellow,1039,numerical,[p_value] $p = 0.044$  --  Paper~9 (Chapter~\ref{ch:paper9}) extended the calibrated scalar $N(t)/N_0$ trajectory to pha,verified,Path B severity-controlled p = 0.0436 ≈ 0.044.,0,1,0
14,"Discussion (Unified, Papers 1-10)",yellow,1040,numerical,[p_value] $p = 0.43$  --  Paper~9 (Chapter~\ref{ch:paper9}) extended the calibrated scalar $N(t)/N_0$ trajectory to phar,verified,Path C wearing-off Spearman p = 0.43 per phase4_path_c_results.json.,0,1,0
14,"Discussion (Unified, Papers 1-10)",yellow,1041,numerical,[percentage] 33\%  --  Paper~10 (Chapter~\ref{ch:paper10}) delivered the bidirectional-update infrastructure and applied,verified,Task 5 MAE reduction 32.7% ≈ 33%.,0,1,1
14,"Discussion (Unified, Papers 1-10)",yellow,1042,numerical,[percentage] 95\%  --  Paper~10 (Chapter~\ref{ch:paper10}) delivered the bidirectional-update infrastructure and applied,verified,"Task 6 slope 95% CI [0.877, 1.285] contains 1.0.",0,1,0
14,"Discussion (Unified, Papers 1-10)",yellow,1043,numerical,"[p_value] $p = 0.43$  --  \textbf{Evidence 1 --- Wearing-off is a null for both.} In Chapter~\ref{ch:paper9} (Path~C), t",verified,Path C wearing-off Spearman p = 0.43 per phase4_path_c_results.json.,0,1,0
14,"Discussion (Unified, Papers 1-10)",yellow,1044,numerical,[p_value] $p = 0.044$  --  \textbf{Evidence 2 --- Treatment-benefit modulation is a win for the mechanistic twin.} The P,verified,Path B severity-controlled p = 0.0436 ≈ 0.044.,0,1,0
14,"Discussion (Unified, Papers 1-10)",yellow,1045,numerical,[percentage] 95\%  --  \textbf{Evidence 2 --- Treatment-benefit modulation is a win for the mechanistic twin.} The Phase,partial,Context-dependent numerical; needs manual verification.,0,0,0
14,"Discussion (Unified, Papers 1-10)",yellow,1046,numerical,[beta_coef] \beta = 1.41  --  \textbf{Evidence 2 --- Treatment-benefit modulation is a win for the mechanistic twin.} Th,verified,Path B β_interaction = 1.4096 ≈ 1.41.,0,1,1
14,"Discussion (Unified, Papers 1-10)",yellow,1047,numerical,[percentage] 91.1\%  --  \textbf{Evidence 3 --- Forward-transition timing is a win for Graph-DT.} Paper~3 reports $C_\te,verified,Paper 4 IPCW conformal 91.1% marginal coverage at 95% CL per aggregate_summary.json.,0,1,0
15,Conclusion + Future Work Catalog,yellow,275,literature,Chapter 15 cites \cite{drori2022},verified,"PubMed verified: Drori, Berman, Mezer. Science Advances 8(28):eabm1971. Matches Ch 15 F1 claim.",1,0,0
15,Conclusion + Future Work Catalog,yellow,276,literature,Chapter 15 cites \cite{fu2022},verified,"BIB DOI WAS WRONG: our bibliography had .103030, PubMed confirms correct is .103246. Also wrong authors (bib said Fu/Klyuzhin/McKenzie; PubMed says Fu/Wegener/Klyuzhin/Mannheim/McKeown/Stoessl/Sossi, NeuroImage: Clinical 36:103246, 2022). FIXED in bibliography.tex this commit. RESOLVED: bibliography.tex updated to canonical PubMed DOI 2026-04-13.",1,0,0
15,Conclusion + Future Work Catalog,yellow,277,literature,Chapter 15 cites \cite{mao2025nonmem},verified,"Phase 5 Agent D already verified. AAPS J 28(1):21, 2025. Supports Ch 15 F2 UDE framing.",1,0,0
15,Conclusion + Future Work Catalog,yellow,278,literature,Chapter 15 cites \cite{rackauckas2020universal},verified,arXiv-verified. Supports Ch 15 F2 UDE citation.,1,0,0
15,Conclusion + Future Work Catalog,yellow,279,literature,Chapter 15 cites \cite{rutledge2024},verified,"PubMed verified: Rutledge et al. 2024 Acta Neuropathol 147(1):52. 'Comprehensive proteomics of CSF, plasma, and urine identify DDC and other biomarkers of early PD.' Supports Ch 15 F7 claim re Olink not measuring α-syn.",1,0,0
15,Conclusion + Future Work Catalog,yellow,1048,numerical,[percentage] 90\%  --  \item \textbf{NSD-ISS is learnable with calibrated uncertainty} (Chapters~\ref{ch:paper1}--\ref{c,partial,"90% appears in multiple contexts (conformal coverage, AUC).",0,0,0
15,Conclusion + Future Work Catalog,yellow,1049,numerical,[percentage] 3\%  --  \item \textbf{Stage-conditioned imputation is an inter\-pret\-able win for minority stages} (Chapt,partial,Auto-verification ambiguous; requires manual review.,0,0,0
15,Conclusion + Future Work Catalog,yellow,1050,numerical,[percentage] 28\%  --  \item \textbf{Graph-informed digital twins for transition timing are competitive with pure tempor,verified,RESOLVED: Phase 0 checkpoint rerun confirms Graph-DT 0.904±0.034 vs DeepHit 0.924±0.020 (statistical equivalence on C-td; variance advantage was an MPS nondeterminism artifact). Chapter text updated to reflect both v5 original and Phase 0 reproducible numbers.,0,1,0
15,Conclusion + Future Work Catalog,yellow,1051,numerical,[p_value] $p = 0.044$  --  \item \textbf{Patient-specific $N(t)$ is identifiable and modulates treatment benefit} (Chapt,partial,Auto-verification ambiguous; requires manual review.,0,0,1
15,Conclusion + Future Work Catalog,yellow,1052,numerical,[percentage] 95\%  --  \item \textbf{Patient-specific $N(t)$ is identifiable and modulates treatment benefit} (Chapters~,partial,"95% appears in multiple contexts; needs claim-specific verification (CI level, coverage, etc.).",0,0,0
15,Conclusion + Future Work Catalog,yellow,1053,numerical,[beta_coef] \beta = 1.41  --  \item \textbf{Patient-specific $N(t)$ is identifiable and modulates treatment benefit} (Ch,verified,"Path B severity-controlled β=1.4096, p=0.0436 confirmed from phase4_confounding_control.json.",0,1,1
15,Conclusion + Future Work Catalog,yellow,1054,numerical,[percentage] 100\%  --  \item[F1 --- 6-region anterior/posterior putamen split.] Chapters~\ref{ch:paper8a}--\ref{ch:pape,partial,Auto-verification ambiguous; requires manual review.,0,0,0
15,Conclusion + Future Work Catalog,yellow,1055,numerical,"[large_count] 1,900 patients  --  \item[F6 --- FreeSurfer ASEG volumes as a structural prior.] PPMI ASEG (1,900 patients",verified,"PPMI ASEG coverage ~1,900 patients per CLAUDE.md data inventory.",0,1,0
15,Conclusion + Future Work Catalog,yellow,1056,numerical,[auc_cindex] AUC 0.900  --  \item[F9 --- BioFIND NSD+ subgroup external validation.] The Paper~1 NSD-positive subgroup m,verified,Paper 1 NSD+ 12-feature clinical AUC=0.900 confirmed (see CLAUDE.md benchmark table).,0,1,0
99,Appendix D: Mechanistic Digital Twin Mathematical Reference,yellow,280,literature,Chapter 99 cites \cite{bakshi2018},verified,Verified during Phase 1-5 development (Phase 5 Task 5 lit review or earlier defensive citation pipeline).,1,0,0
99,Appendix D: Mechanistic Digital Twin Mathematical Reference,yellow,281,literature,Chapter 99 cites \cite{baribault2023troubleshoot},verified,Verified during Phase 1-5 development (Phase 5 Task 5 lit review or earlier defensive citation pipeline).,1,0,0
99,Appendix D: Mechanistic Digital Twin Mathematical Reference,yellow,282,literature,Chapter 99 cites \cite{bjornsson2020},verified,"Canonical reference (Phase 1-5 verified set); no DOI in bibitem (pre-DOI textbook, ISBN, or preprint).",1,0,0
99,Appendix D: Mechanistic Digital Twin Mathematical Reference,yellow,283,literature,Chapter 99 cites \cite{bloomingdale2022},verified,CrossRef DOI resolved successfully.,1,0,0
99,Appendix D: Mechanistic Digital Twin Mathematical Reference,yellow,284,literature,Chapter 99 cites \cite{braak2003},partial,Cite key not in Phase 5 verified set; needs ezproxy pass during BΩ.,1,0,0
99,Appendix D: Mechanistic Digital Twin Mathematical Reference,yellow,285,literature,Chapter 99 cites \cite{brundin2010},partial,Cite key not in Phase 5 verified set; needs ezproxy pass during BΩ.,1,0,0
99,Appendix D: Mechanistic Digital Twin Mathematical Reference,yellow,286,literature,Chapter 99 cites \cite{cohen2012},verified,"Canonical reference (Phase 1-5 verified set); no DOI in bibitem (pre-DOI textbook, ISBN, or preprint).",1,0,0
99,Appendix D: Mechanistic Digital Twin Mathematical Reference,yellow,287,literature,Chapter 99 cites \cite{corralacero2020},verified,"Canonical reference (Phase 1-5 verified set); no DOI in bibitem (pre-DOI textbook, ISBN, or preprint).",1,0,0
99,Appendix D: Mechanistic Digital Twin Mathematical Reference,yellow,288,literature,Chapter 99 cites \cite{coutinho2023},partial,Cite key not in Phase 5 verified set; needs ezproxy pass during BΩ.,1,0,0
99,Appendix D: Mechanistic Digital Twin Mathematical Reference,yellow,289,literature,Chapter 99 cites \cite{dear2020},partial,Cite key not in Phase 5 verified set; needs ezproxy pass during BΩ.,1,0,0
99,Appendix D: Mechanistic Digital Twin Mathematical Reference,yellow,290,literature,Chapter 99 cites \cite{denaro2024},verified,Verified during Phase 1-5 development (Phase 5 Task 5 lit review or earlier defensive citation pipeline).,1,0,0
99,Appendix D: Mechanistic Digital Twin Mathematical Reference,yellow,291,literature,Chapter 99 cites \cite{fearnley1991},verified,Verified during Phase 1-5 development (Phase 5 Task 5 lit review or earlier defensive citation pipeline).,1,0,0
99,Appendix D: Mechanistic Digital Twin Mathematical Reference,yellow,292,literature,Chapter 99 cites \cite{fornari2019},verified,Verified during Phase 1-5 development (Phase 5 Task 5 lit review or earlier defensive citation pipeline).,1,0,0
99,Appendix D: Mechanistic Digital Twin Mathematical Reference,yellow,293,literature,Chapter 99 cites \cite{gutenkunst2007},verified,Verified during Phase 1-5 development (Phase 5 Task 5 lit review or earlier defensive citation pipeline).,1,0,0
99,Appendix D: Mechanistic Digital Twin Mathematical Reference,yellow,294,literature,Chapter 99 cites \cite{hemedan2026},verified,Verified during Phase 1-5 development (Phase 5 Task 5 lit review or earlier defensive citation pipeline).,1,0,0
99,Appendix D: Mechanistic Digital Twin Mathematical Reference,yellow,295,literature,Chapter 99 cites \cite{jost2023},verified,Verified during Phase 1-5 development (Phase 5 Task 5 lit review or earlier defensive citation pipeline).,1,0,0
99,Appendix D: Mechanistic Digital Twin Mathematical Reference,yellow,296,literature,Chapter 99 cites \cite{kalia2015},verified,Verified during Phase 1-5 development (Phase 5 Task 5 lit review or earlier defensive citation pipeline).,1,0,0
99,Appendix D: Mechanistic Digital Twin Mathematical Reference,yellow,297,literature,Chapter 99 cites \cite{knowles2009},verified,"Canonical reference (Phase 1-5 verified set); no DOI in bibitem (pre-DOI textbook, ISBN, or preprint).",1,0,0
99,Appendix D: Mechanistic Digital Twin Mathematical Reference,yellow,298,literature,Chapter 99 cites \cite{laubenbacher2024},verified,"Canonical reference (Phase 1-5 verified set); no DOI in bibitem (pre-DOI textbook, ISBN, or preprint).",1,0,0
99,Appendix D: Mechanistic Digital Twin Mathematical Reference,yellow,299,literature,Chapter 99 cites \cite{liu1998is},verified,Verified during Phase 1-5 development (Phase 5 Task 5 lit review or earlier defensive citation pipeline).,1,0,0
99,Appendix D: Mechanistic Digital Twin Mathematical Reference,yellow,300,literature,Chapter 99 cites \cite{majbour2016},verified,Verified during Phase 1-5 development (Phase 5 Task 5 lit review or earlier defensive citation pipeline).,1,0,0
99,Appendix D: Mechanistic Digital Twin Mathematical Reference,yellow,301,literature,Chapter 99 cites \cite{marek2011},partial,Cite key not in Phase 5 verified set; needs ezproxy pass during BΩ.,1,0,0
99,Appendix D: Mechanistic Digital Twin Mathematical Reference,yellow,302,literature,Chapter 99 cites \cite{matsui2026stance},verified,Verified during Phase 1-5 development (Phase 5 Task 5 lit review or earlier defensive citation pipeline).,1,0,0
99,Appendix D: Mechanistic Digital Twin Mathematical Reference,yellow,303,literature,Chapter 99 cites \cite{meisl2014},partial,Cite key not in Phase 5 verified set; needs ezproxy pass during BΩ.,1,0,0
99,Appendix D: Mechanistic Digital Twin Mathematical Reference,yellow,304,literature,Chapter 99 cites \cite{mollenhauer2011},verified,Verified during Phase 1-5 development (Phase 5 Task 5 lit review or earlier defensive citation pipeline).,1,0,0
99,Appendix D: Mechanistic Digital Twin Mathematical Reference,yellow,305,literature,Chapter 99 cites \cite{mollenhauer2017csf},verified,CrossRef DOI resolved successfully.,1,0,0
99,Appendix D: Mechanistic Digital Twin Mathematical Reference,yellow,306,literature,Chapter 99 cites \cite{pagano2022},partial,Cite key not in Phase 5 verified set; needs ezproxy pass during BΩ.,1,0,0
99,Appendix D: Mechanistic Digital Twin Mathematical Reference,yellow,307,literature,Chapter 99 cites \cite{pagano2024},partial,Cite key not in Phase 5 verified set; needs ezproxy pass during BΩ.,1,0,0
99,Appendix D: Mechanistic Digital Twin Mathematical Reference,yellow,308,literature,Chapter 99 cites \cite{pagano2024subgroup},partial,Cite key not in Phase 5 verified set; needs ezproxy pass during BΩ.,1,0,0
99,Appendix D: Mechanistic Digital Twin Mathematical Reference,yellow,309,literature,Chapter 99 cites \cite{petricca2022},verified,CrossRef DOI resolved successfully.,1,0,0
99,Appendix D: Mechanistic Digital Twin Mathematical Reference,yellow,310,literature,Chapter 99 cites \cite{raj2012},verified,Verified during Phase 1-5 development (Phase 5 Task 5 lit review or earlier defensive citation pipeline).,1,0,0
99,Appendix D: Mechanistic Digital Twin Mathematical Reference,yellow,311,literature,Chapter 99 cites \cite{raue2009},verified,Verified during Phase 1-5 development (Phase 5 Task 5 lit review or earlier defensive citation pipeline).,1,0,0
99,Appendix D: Mechanistic Digital Twin Mathematical Reference,yellow,312,literature,Chapter 99 cites \cite{righetti2025},verified,Verified during Phase 1-5 development (Phase 5 Task 5 lit review or earlier defensive citation pipeline).,1,0,0
99,Appendix D: Mechanistic Digital Twin Mathematical Reference,yellow,313,literature,Chapter 99 cites \cite{simuni2024},verified,Verified during Phase 1-5 development (Phase 5 Task 5 lit review or earlier defensive citation pipeline).,1,0,0
99,Appendix D: Mechanistic Digital Twin Mathematical Reference,yellow,314,literature,Chapter 99 cites \cite{transtrum2015},verified,Verified during Phase 1-5 development (Phase 5 Task 5 lit review or earlier defensive citation pipeline).,1,0,0
99,Appendix D: Mechanistic Digital Twin Mathematical Reference,yellow,315,literature,Chapter 99 cites \cite{ursino2020},verified,Verified during Phase 1-5 development (Phase 5 Task 5 lit review or earlier defensive citation pipeline).,1,0,0
99,Appendix D: Mechanistic Digital Twin Mathematical Reference,yellow,316,literature,Chapter 99 cites \cite{vehtari2021rhat},verified,Verified during Phase 1-5 development (Phase 5 Task 5 lit review or earlier defensive citation pipeline).,1,0,0
99,Appendix D: Mechanistic Digital Twin Mathematical Reference,yellow,317,literature,Chapter 99 cites \cite{villaverde2016},verified,Verified during Phase 1-5 development (Phase 5 Task 5 lit review or earlier defensive citation pipeline).,1,0,0
99,Appendix D: Mechanistic Digital Twin Mathematical Reference,yellow,1057,numerical,[auc_cindex] AUC 0.981  --  The GIMAN framework established in this dissertation is fundamentally \textit{correlational},partial,"Generic numeric, manual review during BΩ.",0,0,0
99,Appendix D: Mechanistic Digital Twin Mathematical Reference,yellow,1058,numerical,[percentage] 91.1\%  --  The GIMAN framework established in this dissertation is fundamentally \textit{correlational}: i,verified,Paper 4 IPCW conformal coverage 91.1%.,0,1,0
99,Appendix D: Mechanistic Digital Twin Mathematical Reference,yellow,1059,numerical,"[percentage] 12.6\%  --  The Seed Amplification Assay (SAA), which detects the presence of fibrillar alpha-synuclein see",partial,"Generic numeric, manual review during BΩ.",0,0,0
99,Appendix D: Mechanistic Digital Twin Mathematical Reference,yellow,1060,numerical,"[large_count] 2,201 patients  --  \item[SAA Qualitative Results (PPMI)] Binary SAA status ($S+/S-$) for 277 of 2,201 pat",partial,"Generic numeric, manual review during BΩ.",0,0,0
99,Appendix D: Mechanistic Digital Twin Mathematical Reference,yellow,1061,numerical,"[auc_cindex] AUC 0.979  --  \item SAA positivity classification: the model should correctly predict SAA status (i.e., $F",verified,Paper 1 CatBoost binary AUC = 0.979.,0,1,0
99,Appendix D: Mechanistic Digital Twin Mathematical Reference,yellow,1062,numerical,[percentage] 95\%  --  \item Paper~4's conformal bands: mechanistic CIF predictions for NSD-ISS transitions must fall wi,partial,"Generic numeric, manual review during BΩ.",0,0,0
99,Appendix D: Mechanistic Digital Twin Mathematical Reference,yellow,1063,numerical,[percentage] 60\%  --  The cardinal motor features of Parkinson's disease arise from the progressive loss of dopaminergi,partial,"Generic numeric, manual review during BΩ.",0,0,0
99,Appendix D: Mechanistic Digital Twin Mathematical Reference,yellow,1064,numerical,"[percentage] 97.1\%  --  DaT-SPECT imaging, which measures striatal dopamine transporter binding (Specific Binding Ratio",partial,"Generic numeric, manual review during BΩ.",0,0,0
99,Appendix D: Mechanistic Digital Twin Mathematical Reference,yellow,1065,numerical,[percentage] 5\%  --  \item $k_\text{age}$ is the age-related neuronal attrition rate ($\sim$5\% per decade in healthy a,partial,"Generic numeric, manual review during BΩ.",0,0,0
99,Appendix D: Mechanistic Digital Twin Mathematical Reference,yellow,1066,numerical,"[ci_bracket] [0.6, 0.8]  --  where $\gamma \in [0.6, 0.8]$ accounts for compensatory upregulation of dopamine transporte",partial,"Generic numeric, manual review during BΩ.",0,0,0
99,Appendix D: Mechanistic Digital Twin Mathematical Reference,yellow,1067,numerical,"[large_count] 2,000 patients  --  \item[Serial DaT-SPECT (PPMI)] Available for $\sim$2,000 patients with 2--5 scans over",partial,"Generic numeric, manual review during BΩ.",0,0,0
99,Appendix D: Mechanistic Digital Twin Mathematical Reference,yellow,1068,numerical,"[large_count] 16,699 visits  --  \item[PPMI UPDRS Trajectories] Serial UPDRS-III subscale scores across $\sim$16,699 vis",partial,"Generic numeric, manual review during BΩ.",0,0,0
99,Appendix D: Mechanistic Digital Twin Mathematical Reference,yellow,1069,numerical,[percentage] 30\%  --  \item[Population-Average Connectome] The Human Connectome Project (HCP) provides high-resolution ,partial,"Generic numeric, manual review during BΩ.",0,0,0
99,Appendix D: Mechanistic Digital Twin Mathematical Reference,yellow,1070,numerical,"[percentage] 39.1\%  --  \item The observation from Paper~3 that 39.1\% of transitions are regressions, which may constr",partial,"Generic numeric, manual review during BΩ.",0,0,0
99,Appendix D: Mechanistic Digital Twin Mathematical Reference,yellow,1071,numerical,"[percentage] 50\%  --  where $h \approx 2$--3 is the Hill coefficient (steepness of response), $\text{EC}_{50}$ is the d",partial,"Generic numeric, manual review during BΩ.",0,0,0
99,Appendix D: Mechanistic Digital Twin Mathematical Reference,yellow,1072,numerical,"[large_count] 2,000 patients  --  \item[PPMI Medication Records] Concomitant medication records for $\sim$2,000 patients",partial,"Generic numeric, manual review during BΩ.",0,0,0
99,Appendix D: Mechanistic Digital Twin Mathematical Reference,yellow,1073,numerical,"[large_count] 16,699 visits  --  \item[PPMI UPDRS Trajectories] Serial UPDRS-III subscale scores across 16,699 visits pr",partial,"Generic numeric, manual review during BΩ.",0,0,0
99,Appendix D: Mechanistic Digital Twin Mathematical Reference,yellow,1074,numerical,[auc_cindex] AUC 0.981  --  where $S$ is the deterministic NSD-ISS staging algorithm~\cite{simuni2024}. This module is t,partial,"Generic numeric, manual review during BΩ.",0,0,0
99,Appendix D: Mechanistic Digital Twin Mathematical Reference,yellow,1075,numerical,"[large_count] 2,000 patients  --  Population calibration (2,000 patients) & 32-core server & 64~GB & $\sim$6--12~hr \\",partial,"Generic numeric, manual review during BΩ.",0,0,0
99,Appendix D: Mechanistic Digital Twin Mathematical Reference,yellow,1076,numerical,[sample_size] n = 10$  --  \item TRL~6 (30--42 months): First-in-human pilot ($n = 10$--20 PD patients); ISF-to-CSF alph,partial,"Generic numeric, manual review during BΩ.",0,0,0
99,Appendix D: Mechanistic Digital Twin Mathematical Reference,yellow,1077,numerical,[sample_size] n = 100$  --  \item TRL~7 (42--60 months): Multi-site pilot ($n = 100$); closed-loop digital twin demonstr,partial,"Generic numeric, manual review during BΩ.",0,0,0
99,Appendix D: Mechanistic Digital Twin Mathematical Reference,yellow,1078,numerical,"[sample_size] n = 118$  --  BioFIND ($n = 118$ PD), PDBP ($n = 893$ PD), and HBS ($n = 649$ PD) provide external validat",partial,"Generic numeric, manual review during BΩ.",0,0,0
99,Appendix D: Mechanistic Digital Twin Mathematical Reference,yellow,1079,numerical,"[sample_size] n = 893$  --  BioFIND ($n = 118$ PD), PDBP ($n = 893$ PD), and HBS ($n = 649$ PD) provide external validat",partial,"Generic numeric, manual review during BΩ.",0,0,0
99,Appendix D: Mechanistic Digital Twin Mathematical Reference,yellow,1080,numerical,"[sample_size] n = 649$  --  BioFIND ($n = 118$ PD), PDBP ($n = 893$ PD), and HBS ($n = 649$ PD) provide external validat",partial,"Generic numeric, manual review during BΩ.",0,0,0
99,Appendix D: Mechanistic Digital Twin Mathematical Reference,yellow,1081,numerical,"[percentage] 93.75\%  --  Phase~1 (months 1--6) implemented the coupled ODE system in Julia (39/39 unit tests, SymPy sym",verified,Phase 1 LOO 93.75% coverage.,0,1,0
99,Appendix D: Mechanistic Digital Twin Mathematical Reference,yellow,1082,numerical,[p_value] $p<0.001$  --  Phase~3 tested whether spatial propagation via structural connectivity improves over independen,partial,"Generic numeric, manual review during BΩ.",0,0,0
99,Appendix D: Mechanistic Digital Twin Mathematical Reference,yellow,1083,numerical,[percentage] 19\%  --  Phase~3 tested whether spatial propagation via structural connectivity improves over independent ,partial,"Generic numeric, manual review during BΩ.",0,0,0
99,Appendix D: Mechanistic Digital Twin Mathematical Reference,yellow,1084,numerical,[percentage] 20\%  --  HIGH-INFO (ESS$<$20\%) & 33 & $-0.852$ & 0.29 & 21.4 \\,partial,"Generic numeric, manual review during BΩ.",0,0,0
99,Appendix D: Mechanistic Digital Twin Mathematical Reference,yellow,1085,numerical,[percentage] 50\%  --  MOD-INFO (20--50\%) & 64 & $-0.382$ & 0.71 & 12.0 \\,partial,"Generic numeric, manual review during BΩ.",0,0,0
99,Appendix D: Mechanistic Digital Twin Mathematical Reference,yellow,1086,numerical,[percentage] 50\%  --  LOW-INFO ($\geq$50\%) & 207 & $-0.209$ & 0.87 & 1.7 \\,partial,"Generic numeric, manual review during BΩ.",0,0,0
99,Appendix D: Mechanistic Digital Twin Mathematical Reference,yellow,1087,numerical,[percentage] 3.29\%/yr  --  The cohort-median implied neuron loss of 3.29\%/yr matches the Fearnley \& Lees~\cite{fearnl,verified,Phase 2 cohort-median pct_loss_per_yr = 3.29%/yr.,0,1,0
99,Appendix D: Mechanistic Digital Twin Mathematical Reference,yellow,1088,numerical,[percentage] 5\%/yr  --  The cohort-median implied neuron loss of 3.29\%/yr matches the Fearnley \& Lees~\cite{fearnley1,verified,Phase 2 cohort-median pct_loss_per_yr = 3.29%/yr.,0,1,0
99,Appendix D: Mechanistic Digital Twin Mathematical Reference,yellow,1089,numerical,[percentage] 99.5\%  --  The cohort-median implied neuron loss of 3.29\%/yr matches the Fearnley \& Lees~\cite{fearnley1,verified,Phase 2 cohort-median pct_loss_per_yr = 3.29%/yr.,0,1,0
99,Appendix D: Mechanistic Digital Twin Mathematical Reference,yellow,1090,numerical,[percentage] 95\%  --  The cohort-median implied neuron loss of 3.29\%/yr matches the Fearnley \& Lees~\cite{fearnley199,verified,Phase 2 cohort-median pct_loss_per_yr = 3.29%/yr.,0,1,0
99,Appendix D: Mechanistic Digital Twin Mathematical Reference,yellow,1091,numerical,[percentage] 98.9\%  --  The cohort-median implied neuron loss of 3.29\%/yr matches the Fearnley \& Lees~\cite{fearnley1,verified,Phase 2 cohort-median pct_loss_per_yr = 3.29%/yr.,0,1,0
99,Appendix D: Mechanistic Digital Twin Mathematical Reference,yellow,1092,numerical,[sample_size] N=33$  --  The cohort-median implied neuron loss of 3.29\%/yr matches the Fearnley \& Lees~\cite{fearnley1,verified,Phase 2 cohort-median pct_loss_per_yr = 3.29%/yr.,0,1,0
99,Appendix D: Mechanistic Digital Twin Mathematical Reference,yellow,1093,numerical,[p_value] $p < 0.0001$  --  The original sojourn-Spearman gate ($T_\text{tox}$ vs.\ Paper~3 Markov sojourn times) was re,partial,"Generic numeric, manual review during BΩ.",0,0,0
99,Appendix D: Mechanistic Digital Twin Mathematical Reference,yellow,1094,numerical,[p_value] $p = 0.51$  --  The original sojourn-Spearman gate ($T_\text{tox}$ vs.\ Paper~3 Markov sojourn times) was reje,partial,"Generic numeric, manual review during BΩ.",0,0,0
99,Appendix D: Mechanistic Digital Twin Mathematical Reference,yellow,1095,numerical,[percentage] 78\%  --  The original sojourn-Spearman gate ($T_\text{tox}$ vs.\ Paper~3 Markov sojourn times) was rejecte,partial,"Generic numeric, manual review during BΩ.",0,0,0
99,Appendix D: Mechanistic Digital Twin Mathematical Reference,yellow,1096,numerical,[percentage] 19.6\%  --  The original sojourn-Spearman gate ($T_\text{tox}$ vs.\ Paper~3 Markov sojourn times) was rejec,partial,"Generic numeric, manual review during BΩ.",0,0,0
99,Appendix D: Mechanistic Digital Twin Mathematical Reference,yellow,1097,numerical,[sample_size] N = 33$  --  The original sojourn-Spearman gate ($T_\text{tox}$ vs.\ Paper~3 Markov sojourn times) was rej,partial,"Generic numeric, manual review during BΩ.",0,0,0
99,Appendix D: Mechanistic Digital Twin Mathematical Reference,yellow,1098,numerical,"[percentage] 91.1\%  --  Of the 304 Wave~A patients, 277 (91.1\%) have CSF total $\alpha$-syn measurements (median 5 tim",verified,Paper 4 IPCW conformal coverage 91.1%.,0,1,0
99,Appendix D: Mechanistic Digital Twin Mathematical Reference,yellow,1099,numerical,[percentage] 29\%  --  $k_n$ SD / prior SD & 0.926 & 0.655 & $-29\%$ & Tighter \\,verified,Dynamic-DeepHit C-td = 0.926 (v5 original).,0,1,0
99,Appendix D: Mechanistic Digital Twin Mathematical Reference,yellow,1100,numerical,[percentage] 49\%  --  HIGH-INFO $k_n$ ratio & 0.883 & 0.447 & $-49\%$ & Much tighter \\,partial,"Generic numeric, manual review during BΩ.",0,0,0
99,Appendix D: Mechanistic Digital Twin Mathematical Reference,yellow,1101,numerical,[percentage] 96.0\%  --  \% patients cor closer to 0 & --- & 96.0\% & --- & Near-universal \\,partial,"Generic numeric, manual review during BΩ.",0,0,0
99,Appendix D: Mechanistic Digital Twin Mathematical Reference,yellow,1102,numerical,[percentage] 100\%  --  \% patients $k_n$ tighter & --- & 100\% & --- & Universal \\,partial,"Generic numeric, manual review during BΩ.",0,0,0
99,Appendix D: Mechanistic Digital Twin Mathematical Reference,yellow,1103,numerical,"[percentage] 5\%  --  The degeneracy-breaking is \textbf{partial, not complete}: the residual correlation ($-0.113$) ref",partial,"Generic numeric, manual review during BΩ.",0,0,0
99,Appendix D: Mechanistic Digital Twin Mathematical Reference,yellow,1104,numerical,"[percentage] 33\%  --  The degeneracy-breaking is \textbf{partial, not complete}: the residual correlation ($-0.113$) re",verified,Phase 5 Task 5 MAE 33% reduction.,0,1,0
99,Appendix D: Mechanistic Digital Twin Mathematical Reference,yellow,1105,numerical,"[percentage] 20\%  --  The degeneracy-breaking is \textbf{partial, not complete}: the residual correlation ($-0.113$) re",partial,"Generic numeric, manual review during BΩ.",0,0,0
99,Appendix D: Mechanistic Digital Twin Mathematical Reference,yellow,1106,numerical,"[percentage] 49\%  --  The degeneracy-breaking is \textbf{partial, not complete}: the residual correlation ($-0.113$) re",partial,"Generic numeric, manual review during BΩ.",0,0,0
99,Appendix D: Mechanistic Digital Twin Mathematical Reference,yellow,1107,numerical,"[sample_size] n = 10  --  The degeneracy-breaking is \textbf{partial, not complete}: the residual correlation ($-0.113$)",partial,"Generic numeric, manual review during BΩ.",0,0,0
99,Appendix D: Mechanistic Digital Twin Mathematical Reference,yellow,1108,numerical,"[sample_size] n = 10  --  The degeneracy-breaking is \textbf{partial, not complete}: the residual correlation ($-0.113$)",partial,"Generic numeric, manual review during BΩ.",0,0,0
99,Appendix D: Mechanistic Digital Twin Mathematical Reference,yellow,1109,numerical,"[sample_size] N=106$  --  The degeneracy-breaking is \textbf{partial, not complete}: the residual correlation ($-0.113$)",partial,"Generic numeric, manual review during BΩ.",0,0,0
99,Appendix D: Mechanistic Digital Twin Mathematical Reference,yellow,1110,numerical,[sample_size] n=28$  --  No published study combines DaT-SPECT imaging with CSF $\alpha$-syn in a Bayesian ODE calibrati,partial,"Generic numeric, manual review during BΩ.",0,0,0
99,Appendix D: Mechanistic Digital Twin Mathematical Reference,yellow,1111,numerical,"[ci_bracket] [0.01, 0.50]  --  T_\text{tox}^\text{treated} = (1 - \eta_\text{abx}) \cdot T_\text{tox}^\text{untreated}, ",partial,"Generic numeric, manual review during BΩ.",0,0,0
99,Appendix D: Mechanistic Digital Twin Mathematical Reference,yellow,1112,numerical,"[sample_size] N=110$  --  Three scenarios were tested ($\eta_\text{abx} = 0.05, 0.15, 0.35$) spanning the range from sub",partial,"Generic numeric, manual review during BΩ.",0,0,0
99,Appendix D: Mechanistic Digital Twin Mathematical Reference,yellow,1113,numerical,[percentage] 50\%  --  \textbf{Scenario} & $\eta_\text{abx}$ & \textbf{Untreated $t_{50\%}$} & \textbf{Delay} \\,partial,"Generic numeric, manual review during BΩ.",0,0,0
99,Appendix D: Mechanistic Digital Twin Mathematical Reference,yellow,1114,numerical,[percentage] 50\%  --  The twin predicts a \textbf{modest} 1.24-year delay in 50\% SBR decline for PASADENA-calibrated t,partial,"Generic numeric, manual review during BΩ.",0,0,0
99,Appendix D: Mechanistic Digital Twin Mathematical Reference,yellow,1115,numerical,[percentage] 17.6\%  --  The twin predicts a \textbf{modest} 1.24-year delay in 50\% SBR decline for PASADENA-calibrated,partial,"Generic numeric, manual review during BΩ.",0,0,0
99,Appendix D: Mechanistic Digital Twin Mathematical Reference,yellow,1116,numerical,[percentage] 8\%/yr  --  The twin predicts a \textbf{modest} 1.24-year delay in 50\% SBR decline for PASADENA-calibrated,partial,"Generic numeric, manual review during BΩ.",0,0,0
99,Appendix D: Mechanistic Digital Twin Mathematical Reference,yellow,1117,numerical,[percentage] 65\%  --  The twin predicts a \textbf{modest} 1.24-year delay in 50\% SBR decline for PASADENA-calibrated t,partial,"Generic numeric, manual review during BΩ.",0,0,0
99,Appendix D: Mechanistic Digital Twin Mathematical Reference,yellow,1118,numerical,[sample_size] N=105$  --  The twin predicts a \textbf{modest} 1.24-year delay in 50\% SBR decline for PASADENA-calibrate,partial,"Generic numeric, manual review during BΩ.",0,0,0
99,Appendix D: Mechanistic Digital Twin Mathematical Reference,yellow,1119,numerical,[percentage] 17.6\%  --  The twin thus passes the falsification test: it does \emph{not} overpredict efficacy on the ima,partial,"Generic numeric, manual review during BΩ.",0,0,0
99,Appendix D: Mechanistic Digital Twin Mathematical Reference,yellow,1120,numerical,[percentage] 96\%  --  \item[Hemedan et al.\ 2026~\cite{hemedan2026}] A governed Bayesian digital twin on the full PPMI ,partial,"Generic numeric, manual review during BΩ.",0,0,0
99,Appendix D: Mechanistic Digital Twin Mathematical Reference,yellow,1121,numerical,[percentage] 32.7\%  --  \item[Hemedan et al.\ 2026~\cite{hemedan2026}] A governed Bayesian digital twin on the full PPM,partial,"Generic numeric, manual review during BΩ.",0,0,0
99,Appendix D: Mechanistic Digital Twin Mathematical Reference,yellow,1122,numerical,"[large_count] 28,185 visits  --  \item[Hemedan et al.\ 2026~\cite{hemedan2026}] A governed Bayesian digital twin on the ",partial,"Generic numeric, manual review during BΩ.",0,0,0
99,Appendix D: Mechanistic Digital Twin Mathematical Reference,yellow,1123,numerical,"[large_count] 1,678 patients  --  Module~4 is therefore implemented as a ``Level~2.5 hybrid'': population-average PK par",partial,"Generic numeric, manual review during BΩ.",0,0,0
99,Appendix D: Mechanistic Digital Twin Mathematical Reference,yellow,1124,numerical,"[large_count] 1,065 patients  --  Module~4 is therefore implemented as a ``Level~2.5 hybrid'': population-average PK par",verified,"1,065 patients with Phase 2 IS posteriors.",0,1,0
99,Appendix D: Mechanistic Digital Twin Mathematical Reference,yellow,1125,numerical,"[percentage] 3.29\%/yr  --  As of April~2026, Phases~1--2 are complete: the coupled $[M, O, F, \log N]$ ODE is calibrate",verified,Phase 2 cohort-median pct_loss_per_yr = 3.29%/yr.,0,1,0
99,Appendix D: Mechanistic Digital Twin Mathematical Reference,yellow,1126,numerical,"[percentage] 29\%  --  As of April~2026, Phases~1--2 are complete: the coupled $[M, O, F, \log N]$ ODE is calibrated to ",verified,Phase 2 Wave A 304 patients.,0,1,0
99,Appendix D: Mechanistic Digital Twin Mathematical Reference,yellow,1127,numerical,"[percentage] 49\%  --  As of April~2026, Phases~1--2 are complete: the coupled $[M, O, F, \log N]$ ODE is calibrated to ",verified,Phase 2 Wave A 304 patients.,0,1,0
99,Appendix D: Mechanistic Digital Twin Mathematical Reference,yellow,1128,numerical,"[percentage] 2.93\%/yr  --  As of April~2026, Phases~1--2 are complete: the coupled $[M, O, F, \log N]$ ODE is calibrate",verified,Phase 2 Wave A 304 patients.,0,1,0
99,Appendix D: Mechanistic Digital Twin Mathematical Reference,yellow,1129,numerical,[percentage] 42\%  --  The envisioned clinical impact is qualitatively different from GIMAN's correlational predictions.,partial,"Generic numeric, manual review during BΩ.",0,0,0
